Date,Close,SMA_5,SMA_20,Signal
2020-01-01,104.96714153011231,,,0
2020-01-02,203.5844985184005,,,0
2020-01-03,310.0613838994074,,,0
2020-01-04,425.2916824634877,,,0
2020-01-05,522.9501487162544,313.3709710255324,,0
2020-01-06,620.6087791467626,416.4992985488625,,0
2020-01-07,736.4009073018365,523.0625803055498,,0
2020-01-08,844.0752545933656,629.8653544443414,,0
2020-01-09,939.380510734016,732.683120098447,,0
2020-01-10,1044.8061111698755,837.0543125891712,,0
2020-01-11,1140.1719342417512,940.9669436081689,,0
2020-01-12,1235.5146367060486,1040.7896894890114,,0
2020-01-13,1337.934259421709,1139.56149045468,,0
2020-01-14,1418.801456975131,1235.445679702903,,0
2020-01-15,1501.5522786500007,1326.794913198928,,0
2020-01-16,1595.9294033575911,1417.946407022096,,0
2020-01-17,1685.8010921542468,1508.003698111736,,0
2020-01-18,1788.9435654801996,1598.205559323434,,0
2020-01-19,1879.8633247249877,1690.417932873405,,0
2020-01-20,1965.740287711635,1783.255534685732,1065.118932874841,1
2020-01-21,2080.3967754008504,1880.1490090943837,1163.8904145683778,1
2020-01-22,2178.139012395985,1978.6165931427317,1262.618140262257,1
2020-01-23,2278.814294442864,2076.590738935264,1361.0557857894298,1
2020-01-24,2364.5668125807297,2173.531436506413,1458.019542295292,1
2020-01-25,2459.122985335478,2272.2079760311817,1554.8281841262533,1
2020-01-26,2560.2322112325764,2368.175063197527,1651.8093557305442,1
2020-01-27,2648.7222754583536,2462.2917158100004,1747.4254241383696,1
2020-01-28,2752.47925564181,2557.0247080497893,1842.845624190792,1
2020-01-29,2846.4728687426223,2653.4059192821683,1938.2002420912224,1
2020-01-30,2943.5559312446894,2750.2925084640106,2033.1377330949629,1
2020-01-31,3037.5388651223952,2845.753839241974,2128.0060796389953,1
2020-02-01,3156.0616469674846,2947.2217135438,2224.033430152067,1
2020-02-02,3255.926674720105,3047.9111973594595,2319.9330509169868,1
2020-02-03,3345.3495654305466,3147.686536697044,2416.260456339757,1
2020-02-04,3453.5750145515785,3249.690353358422,2513.8615931348363,1
2020-02-05,3541.366578051868,3350.4558959443166,2611.1334518695503,1
2020-02-06,3643.455214001916,3447.934609351203,2709.0161579619335,1
2020-02-07,3723.858512763118,3541.5209769598055,2805.7619053260796,1
2020-02-08,3810.5766522741337,3634.566394328523,2902.297571703537,1
2020-02-09,3912.545264632825,3726.360444344772,2999.637820549596,1
2020-02-10,4019.929930432779,3822.0731148209547,3096.614478301193,1
2020-02-11,4121.643613244679,3917.710794669508,3193.789708343628,1
2020-02-12,4220.487130420796,4017.036518201043,3290.8733501425245,1
2020-02-13,4317.476093464904,4118.416406439197,3388.518814186733,1
2020-02-14,4402.69087356123,4216.445528224877,3485.6972085980206,1
2020-02-15,4495.4924314772825,4311.558028433778,3582.4602196102555,1
2020-02-16,4590.886043767685,4405.406514538379,3679.5684080257224,1
2020-02-17,4701.457266029874,4501.600541660195,3777.0173085451256,1
2020-02-18,4804.893448925558,4599.084012752326,3874.9383375542725,1
2020-02-19,4887.263047371931,4695.998447514466,3972.123693360634,1
2020-02-20,4990.503887065879,4795.000738632185,4069.7719444578092,1
2020-02-21,5086.653064261716,4894.154142730991,4166.301515322521,1
2020-02-22,5179.883844258657,4989.839458376749,4262.499373799448,1
2020-02-23,5286.000607147065,5086.060890021049,4359.531925885273,1
2020-02-24,5396.310602372025,5187.870401021069,4456.668705276295,1
2020-02-25,5505.623403563187,5290.894304320531,4554.881546551862,1
2020-02-26,5597.23122833096,5393.009937134379,4652.570347268314,1
2020-02-27,5694.139104572448,5495.860989197137,4751.084376858781,1
2020-02-28,5797.451738886483,5598.151215545021,4850.428131189398,1
2020-02-29,5907.207190157707,5700.3305331021575,4950.161227465642,1
2020-03-01,6002.415447779255,5799.688941945371,5049.285503332966,1
2020-03-02,6100.558858012616,5900.3544678817025,5148.231265571363,1
2020-03-03,6189.495508272556,5999.425748621723,5246.681684463951,1
2020-03-04,6277.533442031749,6095.442089250776,5344.684551892293,1
2020-03-05,6385.658700255691,6191.132391270374,5443.832943227017,1
2020-03-06,6499.221100541399,6290.493521822802,5544.019376680222,1
2020-03-07,6598.500999325596,6390.081950085398,5644.400124458118,1
2020-03-08,6708.536328304516,6493.890114091791,5744.75407757185,1
2020-03-09,6812.152688554993,6600.81396339644,5845.117039553321,1
2020-03-10,6905.701491008942,6704.82252154709,5946.038961735172,1
2020-03-11,7009.315447064026,6806.841390851614,6046.979539735079,1
2020-03-12,7124.695812728685,6912.080353532232,6148.881677158428,1
2020-03-13,7224.337552337585,7015.240598338847,6251.104362562374,1
2020-03-14,7339.983988895725,7120.806858406993,6353.803531649808,1
2020-03-15,7413.786537854828,7222.42386777617,6454.677328423948,1
2020-03-16,7522.00556289858,7324.961890943081,6555.4964363907175,1
2020-03-17,7622.876033580962,7424.597935113537,6656.778676653217,1
2020-03-18,7719.885960076303,7523.70761666128,6758.066019428409,1
2020-03-19,7820.803567841658,7619.8715324504665,6859.233610876169,1
2020-03-20,7900.927878695649,7717.29980061863,6958.919645303065,1
2020-03-21,7998.731159817275,7812.644920002369,7058.735430904967,1
2020-03-22,8102.302285532392,7908.530170392655,7158.822602280957,1
2020-03-23,8217.081225979808,8007.9692235733555,7260.201888166317,1
2020-03-24,8311.898523797072,8106.188214764438,7361.920142254584,1
2020-03-25,8403.81358776814,8206.765356578937,7462.827886630206,1
2020-03-26,8498.796017332294,8306.77832808194,7562.806632469752,1
2020-03-27,8607.950038509314,8407.907878677326,7663.279084428937,1
2020-03-28,8711.23754960591,8506.739143402545,7763.414145494006,1
2020-03-29,8805.93994756824,8605.547428156779,7863.1035084446685,1
2020-03-30,8911.072621899373,8706.999234983026,7963.372064989191,1
2020-03-31,9012.043397392854,8809.648710995138,8063.5084625056315,1
2020-04-01,9121.729847298182,8912.404672752913,8163.360164234107,1
2020-04-02,9214.709316359407,9013.09902610361,8262.878752435197,1
2020-04-03,9311.432694893432,9114.197575568649,8361.451187735085,1
2020-04-04,9407.51161336211,9213.485373861196,8461.137441510447,1
2020-04-05,9492.87646388079,9309.651987158784,8559.680986559557,1
2020-04-06,9595.837666651436,9404.473551029436,8658.329068213081,1
2020-04-07,9698.448219373236,9501.221331632201,8757.257181177929,1
2020-04-08,9798.49935393966,9598.634663441448,8856.141970482828,1
2020-04-09,9896.153482605909,9696.363037290206,8955.903250678342,1
2020-04-10,9981.999775185404,9794.18769955113,9055.066681446748,1
2020-04-11,10077.79332195775,9890.57883061239,9153.841233268016,1
2020-04-12,10174.366176792482,9985.76242209624,9251.70548080865,1
2020-04-13,10266.343404100266,10079.331232128363,9349.42772482381,1
2020-04-14,10364.730546983605,10173.046645003902,9447.473572784582,1
2020-04-15,10468.77105555175,10270.400901077172,9545.972324695556,1
2020-04-16,10587.632914563856,10372.36881959839,9644.956468498283,1
2020-04-17,10689.378692692177,10475.371322778332,9743.863525652596,1
2020-04-18,10791.954196599405,10580.493481278158,9843.164238104155,1
2020-04-19,10891.20973744174,10685.789319369786,9942.171093881272,1
2020-04-20,10972.02202528875,10786.439513317186,10040.170025276067,1
2020-04-21,11071.756886534258,10883.264307711268,10137.671377237872,1
2020-04-22,11172.359188633667,10979.860406899565,10235.553870851585,1
2020-04-23,11296.99160975852,11080.867889531386,10334.831816594839,1
2020-04-24,11395.06800011071,11181.63954206518,10434.209635932268,1
2020-04-25,11498.083473534049,11286.85183171424,10534.469986414932,1
2020-04-26,11597.736355836994,11392.047725574786,10634.56492087421,1
2020-04-27,11686.049575460798,11494.785802940214,10733.944988678588,1
2020-04-28,11797.477803605949,11594.883041709702,10833.893911161902,1
2020-04-29,11904.997133932817,11696.868868474121,10934.336093728247,1
2020-04-30,12012.907453403248,11799.833664447962,11035.881477639141,1
2020-05-01,12103.8135788553,11901.049109051623,11137.182490484018,1
2020-05-02,12217.84152196466,12007.407498352395,11239.356257742626,1
2020-05-03,12303.82301133674,12108.676539898554,11341.23023810445,1
2020-05-04,12409.69158227474,12209.615429566937,11443.478289869006,1
2020-05-05,12531.59613853284,12313.353166592857,11546.61954401806,1
2020-05-06,12621.690775281537,12416.928605878104,11648.322437053945,1
2020-05-07,12716.027797985507,12516.565861082274,11749.654892318611,1
2020-05-08,12817.024311636384,12619.2061211422,11850.90839807046,1
2020-05-09,12911.989555095222,12719.665715706298,11951.947388953135,1
2020-05-10,12996.48292078456,12812.643072156643,12053.170433727926,1
2020-05-11,13097.168550532622,12907.73862720686,12154.441016927844,1
2020-05-12,13186.545513395362,13001.84217028883,12255.15033316593,1
2020-05-13,13291.281437701711,13096.693595501896,12354.864824563087,1
2020-05-14,13382.087195359374,13190.713123554724,12454.21578432552,1
2020-05-15,13497.586539409547,13290.933847279724,12554.190937619296,1
2020-05-16,13589.754006486186,13389.450938470438,12653.791820151755,1
2020-05-17,13686.533391324128,13489.448514056188,12753.816010944922,1
2020-05-18,13794.668563497826,13590.125939215412,12853.675548939515,1
2020-05-19,13882.359920333489,13690.180484210234,12952.54368825955,1
2020-05-20,13984.634519679528,13787.590080264232,13051.130041573362,1
2020-05-21,14097.705947222352,13889.180468411465,13150.824659991715,1
2020-05-22,14181.63111487674,13988.200013121987,13249.014139637318,1
2020-05-23,14283.477453462065,14085.961791114834,13347.996861743586,1
2020-05-24,14386.076281404548,14186.705063329046,13446.816096700077,1
2020-05-25,14493.89451012232,14288.557061417605,13544.931015279552,1
2020-05-26,14581.52500301354,14385.320872575841,13642.922726666151,1
2020-05-27,14668.320436882696,14482.658736977033,13740.53735861101,1
2020-05-28,14773.539852538866,14580.671216792394,13838.363135656133,1
2020-05-29,14876.5096992712,14678.757900365725,13936.589142864934,1
2020-05-30,14979.014627774655,14775.781923896191,14035.715728214438,1
2020-05-31,15082.479109869626,14875.972745267409,14134.98125618129,1
2020-06-01,15175.678862653842,14977.444430421636,14234.437923644213,1
2020-06-02,15278.001399625453,15078.336739838956,14333.773921740398,1
2020-06-03,15380.932124358438,15179.221224856403,14433.716168190353,1
2020-06-04,15473.788610178177,15278.176021337107,14532.526271728784,1
2020-06-05,15592.446355289623,15380.169470421106,14632.660889168958,1
2020-06-06,15697.18468449874,15484.470634790085,14733.193453827687,1
2020-06-07,15785.271649526714,15585.924684770338,14832.72360812913,1
2020-06-08,15891.837185613052,15688.105697021261,14933.197471393109,1
2020-06-09,15982.09036891078,15789.766048767782,15033.070263854674,1
2020-06-10,16089.961214948204,15889.269020699498,15132.683027240962,1
2020-06-11,16201.54717073828,15990.141517947404,15233.678830034041,1
2020-06-12,16293.340347554762,16091.755257553017,15334.171974738676,1
2020-06-13,16402.974108847204,16193.982642199844,15435.016866110807,1
2020-06-14,16507.10191811657,16298.984952041003,15535.677236510519,1
2020-06-15,16615.322519716512,16404.057212994663,15637.367112345668,1
2020-06-16,16734.290449543052,16510.605868755618,15740.665612978686,1
2020-06-17,16831.836568383023,16618.305112921273,15843.580448770896,1
2020-06-18,16924.299206739448,16722.57013249972,15945.969924144307,1
2020-06-19,17015.404062443195,16824.230561365046,16047.789395877733,1
2020-06-20,17107.24595959354,16922.61524934045,16149.02773836393,1
2020-06-21,17206.474942499397,17017.05214793172,16250.567542356206,1
2020-06-22,17309.886462247563,17112.66212670463,16352.161795487313,1
2020-06-23,17412.653370240863,17210.33295940491,16453.747857781436,1
2020-06-24,17520.925202731225,17311.437187462518,16556.10468740909,1
2020-06-25,17621.055221650004,17414.199039873813,16657.535130727105,1
2020-06-26,17735.590562421577,17520.022163858248,16759.45542462325,1
2020-06-27,17832.943994089197,17624.633670226576,16861.839041851374,1
2020-06-28,17960.145685755095,17734.13213332942,16965.254466858474,1
2020-06-29,18066.402359232743,17843.227564629724,17069.47006637457,1
2020-06-30,18157.83078366858,17950.58267703344,17172.863544810592,1
2020-07-01,18247.12185868797,18052.888936286716,17275.142279208078,1
2020-07-02,18351.946582840403,18156.689454036958,17378.07259097236,1
2020-07-03,18449.711954987142,18254.602707883365,17480.409483279356,1
2020-07-04,18556.851959928063,18352.692628022432,17582.89698536993,1
2020-07-05,18661.5843361738,18453.443338523477,17685.210076192794,1
2020-07-06,18760.856047047237,18556.19017619533,17786.538356068006,1
2020-07-07,18852.388109866548,18656.27848160056,17887.56593314218,1
2020-07-08,18937.23963761969,18753.784018127066,17988.21295468619,1
2020-07-09,19032.774488099018,18848.968523761258,18089.081475968982,1
2020-07-10,19141.33847604225,18944.91935173495,18190.78610179142,1
2020-07-11,19243.479413483557,19041.44402502221,18292.636325340627,1
2020-07-12,19331.022025696435,19137.170808188188,18393.69310351307,1
2020-07-13,19432.753834954947,19236.27364765524,18494.698126748775,1
2020-07-14,19536.607008752235,19337.040151785885,18595.482217049823,1
2020-07-15,19627.768434390226,19434.32614345548,18695.817877686837,1
2020-07-16,19729.30568544968,19531.491397848706,18795.50363383824,1
2020-07-17,19829.887772634134,19631.264547236242,18895.350822765486,1
2020-07-18,19918.458069655837,19728.40539417642,18993.266441960524,1
2020-07-19,20022.03594325932,19825.49118107784,19091.048121161853,1
2020-07-20,20127.643788523,19925.466251904396,19189.538771404572,1
2020-07-21,20238.474300954756,20027.299975005408,19289.106393517915,1
2020-07-22,20349.0123214751,20131.124884773606,19388.959680449647,1
2020-07-23,20435.23562779553,20234.48039640154,19488.23586409007,1
2020-07-24,20525.85737739638,20335.24468322895,19586.686134963486,1
2020-07-25,20631.007730068468,20435.917471538047,19685.157304658216,1
2020-07-26,20736.14558957759,20535.451729262615,19783.92178178473,1
2020-07-27,20841.296066440653,20633.908478255726,19883.36717961344,1
2020-07-28,20979.8233813472,20742.82602896606,19985.496366799816,1
2020-07-29,21085.53228645413,20854.76101077761,20088.13425671757,1
2020-07-30,21196.887942855938,20967.937053335103,20190.911730058255,1
2020-07-31,21306.42796049087,21081.99352751776,20294.05915740862,1
2020-08-01,21412.94187300393,21196.322688830413,20398.155149773997,1
2020-08-02,21509.789180557524,21302.31584867248,20502.00691705413,1
2020-08-03,21617.378872762456,21408.68516593414,20606.045510254637,1
2020-08-04,21709.65062061708,21511.23770148637,20710.13961956598,1
2020-08-05,21807.28243454968,21611.408596298133,20814.03845702098,1
2020-08-06,21902.42879907139,21709.305981511625,20917.66550834284,1
2020-08-07,22003.24754046525,21807.99765349317,21021.904981883312,1
2020-08-08,22126.39412613199,21909.80070416708,21127.122891026946,1
2020-08-09,22207.72147420607,22009.414874884875,21231.1267753111,1
2020-08-10,22314.58407610981,22110.8752031969,21334.93226406885,1
2020-08-11,22398.45691739792,22210.08082686221,21437.404493864997,1
2020-08-12,22493.737598740023,22308.17883851716,21540.329592412214,1
2020-08-13,22604.627104709696,22403.825434232705,21644.268078777885,1
2020-08-14,22705.26990490065,22503.33512037162,21747.981187519494,1
2020-08-15,22794.49245712136,22599.31679657393,21850.898530896684,1
2020-08-16,22887.33942002876,22697.093297100095,21953.200698576085,1
2020-08-17,22994.135397518105,22797.172856855716,22053.916299384633,1
2020-08-18,23086.83173120093,22893.613782153963,22153.98127162197,1
2020-08-19,23188.996317096757,22990.359064593184,22253.586690334014,1
2020-08-20,23289.45203549579,23089.35098026807,22352.73789408426,1
2020-08-21,23382.93603201973,23188.470302666265,22451.23760203505,1
2020-08-22,23504.375472912983,23290.518317745235,22550.966916652822,1
2020-08-23,23610.714663136165,23395.294904132283,22650.63370617151,1
2020-08-24,23690.46323726959,23495.58828816685,22749.67433700413,1
2020-08-25,23792.327780417283,23596.16343715115,22848.926604297514,1
2020-08-26,23885.7099157696,23696.71821390112,22948.090660132424,1
2020-08-27,23994.23424911756,23794.68996914204,23047.639995565038,1
2020-08-28,24086.309041733235,23889.80884486145,23145.6357413451,1
2020-08-29,24185.161677318567,23988.74853287125,23244.507751500725,1
2020-08-30,24290.21155010837,24088.325286809464,23343.289125200656,1
2020-08-31,24398.869102050077,24190.95712406556,23443.30973443326,1
2020-09-01,24486.86613797952,24289.483501837956,23542.966161395234,1
2020-09-02,24583.521125621108,24388.92591861553,23641.910862440804,1
2020-09-03,24678.771672509494,24487.647917653714,23740.58595082125,1
2020-09-04,24772.23838018376,24584.053283668793,23839.47324697437,1
2020-09-05,24889.89292258657,24682.25804777609,23939.60092210226,1
2020-09-06,24993.94273969618,24783.673368119424,24039.591289211163,1
2020-09-07,25081.33390015283,24883.235923025764,24139.31639765876,1
2020-09-08,25190.51251962338,24985.584092448542,24239.39220778509,1
2020-09-09,25311.734081593502,25093.483232730494,24340.506310089975,1
2020-09-10,25422.058734199018,25199.916395052984,24442.46244519894,1
2020-09-11,25506.86503453948,25302.50085402164,24542.586923280265,1
2020-09-12,25602.022693810817,25406.63861275324,24642.152324813997,1
2020-09-13,25714.69180530268,25511.474469889097,24743.36375321565,1
2020-09-14,25807.615110646493,25610.650675699697,24844.128119727113,1
2020-09-15,25912.053304927955,25708.649589845485,24945.44528918503,1
2020-09-16,26019.799645462248,25811.23651203004,25046.723559002265,1
2020-09-17,26110.530340746467,25912.93804141717,25147.934623952926,1
2020-09-18,26209.935087185848,26011.9866977938,25249.173294446293,1
2020-09-19,26277.52241378516,26105.968158421536,25348.53883763013,1
2020-09-20,26367.27853737181,26197.013204910305,25446.959309396214,1
2020-09-21,26464.75285585788,26286.00384698943,25545.853645290135,1
2020-09-22,26552.275024038237,26374.352783647784,25644.29134021099,1
2020-09-23,26668.599137077552,26466.08559362613,25743.782713439396,1
2020-09-24,26754.297723297947,26561.440655528684,25842.885680595104,1
2020-09-25,26849.897278430977,26657.96440374052,25940.885898387325,1
2020-09-26,26951.20468420384,26755.25476940971,26038.748995612706,1
2020-09-27,27065.6174170945,26857.92324802096,26137.96317145979,1
2020-09-28,27151.258795582708,26954.455179721997,26236.00048525776,1
2020-09-29,27262.890433104258,27056.17372168326,26333.55830283329,1
2020-09-30,27362.992763714454,27158.792818739952,26430.605004309065,1
2020-10-01,27453.17767720397,27259.187417339977,26527.920636442286,1
2020-10-02,27557.798711946605,27357.6236763104,26625.709437349076,1
2020-10-03,27659.78930890234,27459.329778974323,26722.964312529064,1
2020-10-04,27753.78714013075,27557.509120379622,26820.27291400327,1
2020-10-05,27854.48516098065,27655.807599832864,26917.394506805907,1
2020-10-06,27950.632025012037,27755.29846939448,27013.936125783403,1
2020-10-07,28051.767198464546,27854.092166698065,27110.997968669304,1
2020-10-08,28158.38850520976,27953.81200595955,27208.4206395705,1
2020-10-09,28274.24867337121,28057.90431260764,27308.256952549804,1
2020-10-10,28361.87051838294,28159.381384088098,27407.986551600356,1
2020-10-11,28483.200852129503,28265.895149511594,27508.90895141394,1
2020-10-12,28563.67997413428,28368.27770464554,27609.479198918743,1
2020-10-13,28662.16212318392,28469.032428240367,27709.15734822406,1
2020-10-14,28768.045295248765,28567.791752615878,27809.8447268216,1
2020-10-15,28870.85521392612,28669.588691724515,27910.89262359636,1
2020-10-16,28964.62821872791,28765.874165044203,28011.56380032256,1
2020-10-17,29062.546996224337,28865.64756946221,28111.41027927905,1
2020-10-18,29157.616986877747,28964.738542200976,28211.728188843805,1
2020-10-19,29251.723339308304,29061.474151012884,28311.169834154007,1
2020-10-20,29360.21936027852,29159.346980283364,28411.031163982214,1
2020-10-21,29463.789515138167,29259.179239565412,28511.56175587892,1
2020-10-22,29556.86041918556,29358.041924157656,28611.51484124087,1
2020-10-23,29665.856417939893,29459.689810370088,28711.818196692748,1
2020-10-24,29768.92941314866,29563.13102513816,28812.575310343644,1
2020-10-25,29877.05803433705,29666.498759949864,28913.703954011464,1
2020-10-26,29983.354322756284,29770.41172147349,29015.340068898677,1
2020-10-27,30075.064372647063,29874.05251216579,29116.5049276078,1
2020-10-28,30169.46256224509,29974.773741026827,29217.05863045957,1
2020-10-29,30276.935498296323,30076.374958056364,29317.19297170582,1
2020-10-30,30383.039200950658,30177.571191379084,29418.25140583421,1
2020-10-31,30482.83018501101,30277.466363830026,29518.232872478286,1
2020-11-01,30584.0034588441,30379.25418106944,29619.249046713776,1
2020-11-02,30696.780107801984,30484.717690180812,29720.979945944673,1
2020-11-03,30790.864393913627,30587.503469304276,29822.12090087792,1
2020-11-04,30896.33536772533,30690.16270265921,29923.39490856788,1
2020-11-05,30994.31344120099,30792.459353897208,30024.879169691536,1
2020-11-06,31092.136629168715,30894.08598796213,30126.35865133875,1
2020-11-07,31203.12439768859,30995.354845939448,30228.634021879298,1
2020-11-08,31311.37856117847,31099.45767939242,30331.616782972804,1
2020-11-09,31419.513657538475,31204.093337355047,30434.5814978358,1
2020-11-10,31532.568445610017,31311.744338236855,30538.02044435939,1
2020-11-11,31632.778484026345,31419.87270920838,30641.816347601434,1
2020-11-12,31739.59801373929,31527.16743241852,30745.5034273914,1
2020-11-13,31836.49534617336,31632.1907894175,30848.881724042636,1
2020-11-14,31939.737009698245,31736.23545984945,30952.015672810696,1
2020-11-15,32038.435579154568,31837.408886558365,31054.769735630613,1
2020-11-16,32139.40553880449,31938.73429751399,31157.986793938482,1
2020-11-17,32245.357109058863,32039.886116577905,31261.781521279172,1
2020-11-18,32337.17490222653,32140.02202778854,31364.793491475684,1
2020-11-19,32458.098774983384,32243.694380845565,31468.54647017732,1
2020-11-20,32548.038601168388,32345.61498524833,31571.80689098519,1
2020-11-21,32635.89671504051,32444.91322049553,31674.401553795004,1
2020-11-22,32747.477823775516,32545.337363438866,31776.93643959369,1
2020-11-23,32855.39445071514,32648.981273136586,31880.16294243376,1
2020-11-24,32961.63564888566,32749.688647917043,31983.427956491778,1
2020-11-25,33067.9191039783,32853.66474847902,32087.108239630645,1
2020-11-26,33167.796636249834,32960.0447327209,32190.8912399847,1
2020-11-27,33258.824092534975,33062.313986472785,32293.676224727016,1
2020-11-28,33359.582138116915,33163.15152395314,32396.08640357394,1
2020-11-29,33452.8105210018,33261.38649837636,32497.751246747106,1
2020-11-30,33562.56171833597,33360.3150212479,32599.250910383405,1
2020-12-01,33661.09114452095,33458.97392290212,32700.666543408133,1
2020-12-02,33752.83617255303,33557.77633890573,32801.328451348825,1
2020-12-03,33849.6223141365,33655.784374109644,32901.98479974698,1
2020-12-04,33953.75162867925,33755.97259564514,33002.68553069603,1
2020-12-05,34048.114383151216,33853.08312860819,33103.16947089586,1
2020-12-06,34139.89217919555,33948.843335543104,33203.19380291541,1
2020-12-07,34242.32905131047,34046.74191129459,33303.04240002799,1
2020-12-08,34344.77871702156,34145.77319187161,33403.42259076775,1
2020-12-09,34439.70928526785,34242.96472318933,33502.50311628197,1
2020-12-10,34534.998902211664,34340.34162700142,33601.85113133413,1
2020-12-11,34637.31940158524,34439.827071479354,33701.92226566137,1
2020-12-12,34722.83855817027,34535.92897285132,33800.6903023811,1
2020-12-13,34808.7639204265,34628.7260135323,33898.358775866676,1
2020-12-14,34901.57947821398,34721.10005212153,33995.35596733309,1
2020-12-15,34999.44500669686,34813.98927301857,34091.93226246901,1
2020-12-16,35102.554082352835,34907.03620917209,34188.67013477417,1
2020-12-17,35217.307644522334,35005.9300264425,34286.594312373534,1
2020-12-18,35325.88424075436,35109.35409050807,34384.90941750541,1
2020-12-19,35424.28485545472,35213.895165956215,34483.48313422805,1
2020-12-20,35524.09469337569,35318.82510329199,34581.559782980046,1
2020-12-21,35614.06939972931,35421.12816676728,34679.20869574045,1
2020-12-22,35713.88426836939,35520.4434915367,34777.26110053128,1
2020-12-23,35810.99768198019,35617.46617978186,34875.32986892346,1
2020-12-24,35914.22486758357,35715.45418220763,34973.35353086868,1
2020-12-25,36005.95255814805,35811.825755162106,35071.24543961852,1
2020-12-26,36111.14602329046,35911.24107987434,35169.808131823265,1
2020-12-27,36226.47341242048,36013.75890868455,35269.01534987877,1
2020-12-28,36325.38581093591,36116.6365344757,35368.045704574484,1
2020-12-29,36429.4029281569,36219.672146590354,35467.530386718936,1
2020-12-30,36536.304368074016,36325.74250857555,35567.595660012055,1
2020-12-31,36632.29216335516,36429.97173658849,35667.34429810055,1
2021-01-01,36734.53308817327,36531.583671739056,35767.9290246007,1
2021-01-02,36834.65901218108,36633.43831198809,35869.223779188425,1
2021-01-03,36935.63577316657,36734.684880990026,35970.92659393606,1
2021-01-04,37027.90567532802,36833.00514244082,36072.349627367614,1
2021-01-05,37128.15077707061,36932.17686518391,36173.629462103505,1
2021-01-06,37233.13075998306,37031.89639954587,36274.420617876545,1
2021-01-07,37347.64219606101,37134.49303632185,36375.50851564187,1
2021-01-08,37457.23490432186,37238.81286255291,36477.15601808523,1
2021-01-09,37578.76672889698,37348.985073266704,36579.88961986129,1
2021-01-10,37671.0932532681,37457.5735685062,36682.740812538235,1
2021-01-11,37779.81645963531,37566.910708436655,36786.03742210153,1
2021-01-12,37881.64987969269,37673.712245162984,36889.57003198716,1
2021-01-13,38003.54790902487,37782.97484610359,36994.03618405922,1
2021-01-14,38095.46492617132,37886.31448555846,37098.51180246038,1
2021-01-15,38187.06770774951,37989.509376454735,37202.30788668334,1
2021-01-16,38281.07378129508,38089.760840786694,37305.037905127065,1
2021-01-17,38359.83482405198,38185.397829658556,37406.76035578287,1
2021-01-18,38454.577273835166,38275.60370262061,37508.01907306678,1
2021-01-19,38546.985947219626,38365.90790683027,37608.55315202406,1
2021-01-20,38648.48988508439,38458.19234229725,37709.363038110525,1
2021-01-21,38751.90744484216,38552.359075006665,37810.23175594397,1
2021-01-22,38870.66915323432,38654.52594084313,37912.03226299663,1
2021-01-23,38980.173391616176,38759.645164399335,38014.25914391912,1
2021-01-24,39074.40435505955,38865.128845967316,38116.58407790569,1
2021-01-25,39165.42020834607,38968.514910619655,38218.44754946946,1
2021-01-26,39270.33940006114,39072.20130166345,38320.307981473365,1
2021-01-27,39357.13706799093,39169.494884614774,38420.78272506986,1
2021-01-28,39475.45165564947,39268.55053742143,38521.69356263625,1
2021-01-29,39587.24605685668,39371.11887778086,38622.11752903422,1
2021-01-30,39682.55430033564,39474.54569617878,38722.69058138761,1
2021-01-31,39765.42295504473,39573.562407175494,38821.97090615807,1
2021-02-01,39878.96167878638,39677.92732933458,38921.83649611276,1
2021-02-02,39977.81628033385,39778.40025427146,39020.54991467821,1
2021-02-03,40090.19444345358,39878.98993159083,39120.28639054233,1
2021-02-04,40174.25016686564,39977.32910489683,39219.64551349813,1
2021-02-05,40268.2564166361,40077.89579721511,39319.00464526518,1
2021-02-06,40368.30885363329,40175.76523218449,39419.428346744244,1
2021-02-07,40468.77865957093,40273.95770803191,39520.13841603103,1
2021-02-08,40564.27800485614,40368.77442031242,39621.00301891286,1
2021-02-09,40670.50650417961,40468.02568777521,39722.10384986762,1
2021-02-10,40759.83029988578,40566.34046442514,39822.49999261981,1
2021-02-11,40858.40650503557,40664.35999470561,39921.88686020987,1
2021-02-12,40959.60946135269,40762.52615506196,40020.858663696694,1
2021-02-13,41064.75384969328,40862.62132402939,40120.37613842838,1
2021-02-14,41171.86999847416,40962.89402288829,40220.69862793478,1
2021-02-15,41260.62357755578,41063.0526784223,40320.21283680951,1
2021-02-16,41345.28243584842,41160.42786458487,40419.62010520238,1
2021-02-17,41458.05920406741,41260.11781312781,40518.750482623276,1
2021-02-18,41561.38234418721,41359.44351202659,40617.457296989814,1
2021-02-19,41653.89747882165,41455.8490080961,40716.024455914114,1
2021-02-20,41769.40899857687,41557.60609230031,40816.22375809071,1
2021-02-21,41870.5657449198,41662.662754114586,40915.80396139739,1
2021-02-22,41982.35871676044,41767.52265665319,41016.03108321871,1
2021-02-23,42083.03390157453,41871.85296813065,41115.67305612476,1
2021-02-24,42203.64138082336,41981.801748531,41217.142616822646,1
2021-02-25,42321.19478924779,42092.15890666519,41319.78953545324,1
2021-02-26,42418.705147763,42201.786787233825,41422.309350159725,1
2021-02-27,42528.42085727255,42310.99921533624,41525.291460044806,1
2021-02-28,42634.8746167684,42421.36735837501,41628.82129064041,1
2021-03-01,42748.56093234373,42530.35126867909,41732.724012048624,1
2021-03-02,42838.91169773792,42633.89465037712,41836.67808194122,1
2021-03-03,42945.77221233791,42739.308063292105,41941.04636730634,1
2021-03-04,43056.3564572064,42844.89518327887,42045.88371709903,1
2021-03-05,43138.769062342166,42945.67407239363,42149.58447773148,1
2021-03-06,43226.93647721551,43041.34918136798,42252.337801668546,1
2021-03-07,43306.54415543791,43134.875672907976,42354.633830562656,1
2021-03-08,43403.85008709346,43226.49124785909,42457.5622131249,1
2021-03-09,43511.025509651416,43317.42505834809,42560.2105284041,1
2021-03-10,43626.04908017238,43414.88106191413,42663.443865203364,1
2021-03-11,43726.790027976574,43514.85177206635,42767.0884926611,1
2021-03-12,43843.07618343229,43622.15817766522,42870.77185190388,1
2021-03-13,43929.27516885014,43727.243194016555,42973.707323100396,1
2021-03-14,44012.24134445658,43827.48636097759,43075.2014544852,1
2021-03-15,44111.68586746762,43924.61371843664,43176.63405277986,1
2021-03-16,44215.52652195701,44022.361017232724,43277.228309836544,1
2021-03-17,44315.19957447607,44116.78569544149,43376.92854909795,1
2021-03-18,44394.52515347568,44209.83569236659,43475.71954938358,1
2021-03-19,44493.63395308055,44306.11421409139,43573.98020417399,1
2021-03-20,44580.5892580755,44399.894892212964,43671.265936239346,1
2021-03-21,44687.2859835638,44494.24678453432,43768.202188800344,1
2021-03-22,44790.95196602477,44589.39726284406,43865.804202214684,1
2021-03-23,44881.553168161496,44686.802865781225,43962.59325000587,1
2021-03-24,44976.41449898813,44783.35897496274,44058.59615209495,1
2021-03-25,45065.82236376924,44880.40559610149,44154.94881716631,1
2021-03-26,45165.19557279651,44975.98751394803,44251.86177194536,1
2021-03-27,45274.74699600152,45072.74651994338,44350.271913973535,1
2021-03-28,45364.88973553817,45169.41383341871,44448.32389639577,1
2021-03-29,45469.93020069335,45268.11697375976,44546.26913094787,1
2021-03-30,45564.62762450962,45367.878025907834,44643.19805816473,1
2021-03-31,45656.698896187,45466.17869058593,44739.69350157525,1
2021-04-01,45755.628592587454,45562.35500990312,44835.32112203301,1
2021-04-02,45845.276169363264,45658.43229666814,44931.12117205867,1
2021-04-03,45939.73967630979,45752.39419179143,45027.49608865133,1
2021-04-04,46027.7608973839,45845.020846366286,45123.29984014714,1
2021-04-05,46147.40814871307,45943.1626968715,45219.893921484945,1
2021-04-06,46247.76078423279,46041.58913520056,45316.52198197278,1
2021-04-07,46340.76352915286,46140.68660715848,45413.83390075665,1
2021-04-08,46442.9033282602,46241.319337548564,45511.297369515625,1
2021-04-09,46541.780047763285,46344.12316762444,45609.35690900001,1
2021-04-10,46639.57035176795,46442.555608235416,45706.971127410216,1
2021-04-11,46745.71201876838,46542.14585514254,45804.7091300474,1
2021-04-12,46853.28709586886,46644.65056848574,45903.29582643277,1
2021-04-13,46947.98208439275,46745.66631971225,46001.874205702996,1
2021-04-14,47042.22390198631,46845.75509055685,46100.694282613855,1
2021-04-15,47139.47338501479,46945.73569720622,46199.408173224765,1
2021-04-16,47216.45417336744,47039.88412812603,46296.49353209307,1
2021-04-17,47301.30226274545,47129.48716150135,46393.31415845343,1
2021-04-18,47414.971005419895,47222.88494570678,46490.566198689754,1
2021-04-19,47531.4206825549,47320.72430182049,46588.90585159202,1
2021-04-20,47628.93032215934,47418.615689249404,46687.51742289063,1
2021-04-21,47734.6958917899,47522.2640329339,46786.470787850754,1
2021-04-22,47837.80839333534,47629.56525905187,46886.09739904936,1
2021-04-23,47968.59720141989,47740.290498251874,46987.54027530486,1
2021-04-24,48079.79295053424,47849.964951847745,47090.14187796238,1
2021-04-25,48178.51377461943,47959.881642339766,47191.6971592577,1
2021-04-26,48268.95837021343,48066.73413802447,47292.75703855674,1
2021-04-27,48352.89390701085,48169.75124075957,47393.36355744964,1
2021-04-28,48454.928543369526,48267.01750914949,47493.964818205095,1
2021-04-29,48547.365035916686,48360.53192622599,47594.244067612766,1
2021-04-30,48633.14249882071,48451.45767106624,47693.922674965404,1
2021-05-01,48726.67676997828,48543.00135101921,47792.9709125259,1
2021-05-02,48815.861289942135,48635.59482760547,47891.099622229565,1
2021-05-03,48932.73270629286,48731.15566019014,47990.33715332457,1
2021-05-04,49041.54910386235,48829.99247377926,48090.30341341837,1
2021-05-05,49141.46937744918,48931.65784950496,48190.40321304009,1
2021-05-06,49256.268818838085,49037.576259276924,48292.393945313626,1
2021-05-07,49357.04250191456,49145.81250167141,48395.18095727208,1
2021-05-08,49448.42965990128,49248.951892393095,48496.85388999615,1
2021-05-09,49563.660900673975,49353.37425175542,48598.465900902105,1
2021-05-10,49669.05000111082,49458.89037648775,48700.47188484967,1
2021-05-11,49758.67753956756,49559.37212063364,48801.67096723856,1
2021-05-12,49856.77415278672,49659.318450808074,48902.61925521113,1
2021-05-13,49948.01797025287,49759.23611287838,49001.59029365278,1
2021-05-14,50034.189972943226,49853.341927332236,49099.31014477323,1
2021-05-15,50143.45174841854,49948.22227679378,49197.55704346318,1
2021-05-16,50262.54591482324,50048.99595184492,49297.23642069367,1
2021-05-17,50348.56023908505,50147.35316910459,49397.019737297385,1
2021-05-18,50454.189931451954,50248.5875613444,49496.982806701504,1
2021-05-19,50547.68350576074,50351.286267907904,49596.99873019371,1
2021-05-20,50642.81225192309,50451.15836860881,49697.482217848825,1
2021-05-21,50736.8883126807,50546.0268481803,49797.99279498395,1
2021-05-22,50828.2484049839,50641.964481360075,49898.61215073604,1
2021-05-23,50928.73362126335,50736.873219322355,49998.41219648456,1
2021-05-24,51020.42412009923,50831.42134219005,50097.355947296404,1
2021-05-25,51123.12868835703,50927.48462947684,50196.4389128418,1
2021-05-26,51222.62630726254,51024.63222839321,50294.75678726302,1
2021-05-27,51320.23682679387,51123.029912755206,50392.91650350698,1
2021-05-28,51411.16119017346,51219.515426537226,50491.05308002059,1
2021-05-29,51505.39347686777,51316.50929789093,50588.139708830284,1
2021-05-30,51612.94738912603,51414.473038044736,50685.33457823105,1
2021-05-31,51717.95656100227,51513.53908879268,50783.29852930278,1
2021-06-01,51808.18100855428,51611.127925144756,50880.86887209116,1
2021-06-02,51909.17433160858,51710.730553431786,50978.92669015894,1
2021-06-03,52016.6882028423,51812.98949862669,51078.0516016539,1
2021-06-04,52099.99415003108,51910.3988508077,51175.87872173452,1
2021-06-05,52205.42775195488,52007.89308899822,51273.0228135911,1
2021-06-06,52298.80151436542,52106.01719016045,51370.53487735512,1
2021-06-07,52404.50750105136,52205.083824049005,51468.050755835095,1
2021-06-08,52496.87490948593,52301.121165377735,51565.51032602135,1
2021-06-09,52578.82608847928,52396.887553067376,51662.31101784916,1
2021-06-10,52662.55066410045,52488.31213549649,51758.59413542015,1
2021-06-11,52763.03151356707,52581.158135336824,51855.33329084931,1
2021-06-12,52865.62873858428,52673.38238284341,51952.17804671535,1
2021-06-13,52956.58557233324,52765.32451541287,52048.986119327055,1
2021-06-14,53062.97149692101,52862.153597101205,52145.978259755255,1
2021-06-15,53146.35629629832,52958.91472354079,52242.16475920704,1
2021-06-16,53245.69549831185,53055.447520489746,52338.43769278294,1
2021-06-17,53333.58533631422,53149.03884003573,52434.55890008998,1
2021-06-18,53427.0669752362,53243.135120616316,52530.6425750084,1
2021-06-19,53527.540961949366,53336.04901362199,52626.37225364956,1
2021-06-20,53618.93682829653,53430.56512002162,52721.42126701429,1
2021-06-21,53715.09127285423,53524.44427493011,52816.766780229285,1
2021-06-22,53825.15420094637,53622.75804785654,52912.56577369617,1
2021-06-23,53919.38528225114,53721.22170925953,53007.70062766661,1
2021-06-24,54027.74220337179,53821.261957544004,53104.08803033365,1
2021-06-25,54116.44513482521,53920.763618849756,53199.63889947716,1
2021-06-26,54221.74317660437,54022.09399959977,53295.78598258911,1
2021-06-27,54336.15886281095,54124.29493197269,53392.3685506771,1
2021-06-28,54411.44241780968,54222.70635908439,53488.096926093276,1
2021-06-29,54503.47346525497,54317.852611461036,53584.32929493206,1
2021-06-30,54609.244186526776,54416.412421801346,53681.66397105338,1
2021-07-01,54707.21373266634,54513.50653301375,53778.873082008344,1
2021-07-02,54810.925191400056,54608.459798731565,53876.137904649135,1
2021-07-03,54904.8853395329,54707.14838307621,53973.55289300911,1
2021-07-04,55005.751237407625,54807.60393750675,54070.691880033446,1
2021-07-05,55104.1944650537,54906.59399321212,54168.58378847122,1
2021-07-06,55215.8722856703,55008.325703812916,54267.09262783914,1
2021-07-07,55318.41649410332,55109.82396435357,54366.33418572859,1
2021-07-08,55421.79252072407,55213.205400591796,54466.07046300299,1
2021-07-09,55517.673751062845,55315.58990332285,54565.577102458665,1
2021-07-10,55612.79768882212,55417.31054807654,54665.27014548493,1
2021-07-11,55708.47210694392,55515.83051233125,54764.939187189426,1
2021-07-12,55812.4166283677,55614.63053918412,54864.30230856049,1
2021-07-13,55908.2067835595,55711.913391751215,54963.74338362591,1
2021-07-14,56011.10453212846,55810.59954796433,55062.91150006374,1
2021-07-15,56131.85854011492,55914.411718222895,55163.68217032823,1
2021-07-16,56240.56978714924,56020.83125426397,55264.623500855465,1
2021-07-17,56337.30955182756,56125.80983895593,55364.68103530629,1
2021-07-18,56449.3216910492,56234.03282045388,55466.57499896828,1
2021-07-19,56545.24093731898,56340.860101491984,55568.66337257148,1
2021-07-20,56624.8596919672,56439.46033186243,55669.4441478435,1
2021-07-21,56714.77882885803,56534.30214020419,55769.82240265307,1
2021-07-22,56796.070909647766,56626.05441176824,55869.07968856547,1
2021-07-23,56892.55577480736,56714.701228519865,55968.463210329195,1
2021-07-24,56992.73995859925,56804.20103277592,56067.81264638876,1
2021-07-25,57109.504331722,56901.129960726874,56168.078139722194,1
2021-07-26,57212.773605459646,57000.7289160472,56267.92320571166,1
2021-07-27,57310.582600171554,57103.631254151966,56367.53151101506,1
2021-07-28,57418.87665598339,57208.89543038717,56467.38571777804,1
2021-07-29,57496.76530289331,57309.70049924598,56566.34029536955,1
2021-07-30,57599.1214484744,57407.62392259647,56665.65648335217,1
2021-07-31,57706.83010041327,57506.43522158718,56765.574383025625,1
2021-08-01,57792.044237955466,57602.727549143965,56864.55576350503,1
2021-08-02,57903.48177838753,57699.6485736248,56964.31951324643,1
2021-08-03,58006.86674246248,57801.66886153862,57064.10762376313,1
2021-08-04,58102.71386332347,57902.38734450845,57162.650389923554,1
2021-08-05,58209.04168198453,58002.829660822696,57261.07398466533,1
2021-08-06,58331.74861056258,58110.77053534412,57360.79593760207,1
2021-08-07,58433.56727311316,58216.78763428924,57460.00821670527,1
2021-08-08,58536.049478976165,58322.62418159198,57559.54864378813,1
2021-08-09,58631.45586998076,58428.37258292343,57659.878452688805,1
2021-08-10,58722.95742628611,58531.15573178376,57760.287382560215,1
2021-08-11,58831.26078445156,58631.058166561554,57862.046876300396,1
2021-08-12,58922.69994619247,58728.884701177405,57963.55408486966,1
2021-08-13,59023.41560856467,58826.35792709511,58065.08786736793,1
2021-08-14,59118.63903409702,58923.794559918366,58165.544602486676,1
2021-08-15,59223.42883235448,59023.88884113204,58266.07736383142,1
2021-08-16,59326.76545340735,59122.989774923204,58366.88650649322,1
2021-08-17,59437.14085284993,59225.877956254684,58467.799716336536,1
2021-08-18,59532.04068886138,59327.60297231403,58569.56348563494,1
2021-08-19,59629.34193950845,59429.743553396314,58671.07451018664,1
2021-08-20,59719.55430235063,59528.96864739555,58771.71072028352,1
2021-08-21,59815.111369749866,59626.637830664054,58872.86407687323,1
2021-08-22,59918.88437468032,59722.986535030126,58973.63420668787,1
2021-08-23,60026.454260846775,59821.8692494272,59074.61358260708,1
2021-08-24,60117.232607605,59919.44738304652,59175.339519821166,1
2021-08-25,60225.92866680606,60020.7222559376,59276.18386906224,1
2021-08-26,60339.48504539411,60125.59699106645,59376.57069080381,1
2021-08-27,60443.61939442635,60230.54399501566,59477.07329686948,1
2021-08-28,60562.38735255193,60337.73061335669,59578.39019054825,1
2021-08-29,60654.6494605609,60445.21398394788,59679.54987007727,1
2021-08-30,60742.20291352778,60548.46883329221,59780.51214443935,1
2021-08-31,60824.41571103874,60645.45496642114,59880.16989076871,1
2021-09-01,60939.37615415363,60744.6063183666,59981.00370116676,1
2021-09-02,61045.91981071717,60841.31280999965,60082.12891127439,1
2021-09-03,61145.36396400807,60939.45571068907,60183.46515776995,1
2021-09-04,61248.163650271264,61040.64785803777,60284.701898665786,1
2021-09-05,61336.90875979828,61143.14646778968,60385.20906398533,1
2021-09-06,61461.36627959445,61247.544492877845,60486.42033532256,1
2021-09-07,61562.6584914142,61350.892229017256,60587.95122545019,1
2021-09-08,61663.75243936025,61454.569924087686,60689.67175044279,1
2021-09-09,61771.01010559924,61559.13921515329,60792.244540605214,1
2021-09-10,61875.82019791661,61666.921502776946,60895.279982013555,1
2021-09-11,61978.059038159394,61770.26005448995,60998.23871518751,1
2021-09-12,62070.15429360494,61871.75921492808,61100.42371682542,1
2021-09-13,62174.868977176295,61973.98252249129,61203.305535303974,1
2021-09-14,62293.689222141045,62078.51834579966,61306.69356307073,1
2021-09-15,62407.1434226026,62184.78299073685,61410.07648193116,1
2021-09-16,62523.07528886899,62293.78624087877,61514.049276653284,1
2021-09-17,62617.96313210468,62403.34800857872,61616.828065630936,1
2021-09-18,62708.06708390209,62509.987629923875,61719.498946797976,1
2021-09-19,62806.80921470109,62612.61162843589,61822.72926185666,1
2021-09-20,62907.36646382398,62712.656236680166,61926.87679949591,1
2021-09-21,63018.30837900869,62811.702854708106,62030.82341073867,1
2021-09-22,63101.38373271154,62908.38697482948,62133.596606838386,1
2021-09-23,63216.679235906144,63010.10940523029,62237.16237043329,1
2021-09-24,63315.099156920354,63111.76739367414,62340.50914576574,1
2021-09-25,63410.83034622088,63212.46017015353,62444.20522508687,1
2021-09-26,63500.70930246828,63308.94035484544,62546.172376230556,1
2021-09-27,63584.16073574962,63405.495755453056,62647.247488447334,1
2021-09-28,63692.39244158924,63500.63839658968,62748.67948855879,1
2021-09-29,63793.125621261126,63596.24368945783,62849.78526434188,1
2021-09-30,63880.22601226372,63690.1228226664,62950.00555505924,1
2021-10-01,63967.27522454308,63783.43600708136,63049.46636437842,1
2021-10-02,64063.91737755018,63879.38733544147,63149.154518575684,1
2021-10-03,64180.60759280308,63977.03036568423,63249.44144935702,1
2021-10-04,64278.01167928944,64074.0075772899,63348.65757221443,1
2021-10-05,64362.98024975826,64170.558424788804,63446.44941357223,1
2021-10-06,64460.5228191174,64269.207943703674,63543.32179008465,1
2021-10-07,64557.79558341992,64367.98358487761,63640.31341265041,1
2021-10-08,64630.8267169905,64458.0274097151,63736.45139430483,1
2021-10-09,64730.28376832533,64548.48182752228,63832.62512198604,1
2021-10-10,64827.97442302324,64641.48066217528,63928.655519946,1
2021-10-11,64934.93648667137,64736.36339568607,64024.48692532914,1
2021-10-12,65053.42604762083,64835.48948852626,64122.0890410746,1
2021-10-13,65164.69169791631,64942.26248471142,64219.489664175104,1
2021-10-14,65262.00281101076,65048.6062932485,64316.834846879625,1
2021-10-15,65350.93755192334,65153.198919028524,64413.84020716474,1
2021-10-16,65476.67114995584,65261.54585168541,64512.638299539125,1
2021-10-17,65577.26333429599,65366.31330902044,64612.29342946645,1
2021-10-18,65677.40262721512,65468.85549488021,64711.54393874774,1
2021-10-19,65777.16137634403,65571.88720794686,64810.74572650188,1
2021-10-20,65879.1422239517,65677.52814235254,64910.691537086284,1
2021-10-21,65977.69861983246,65777.73363632786,65011.21270685075,1
2021-10-22,66071.96199976366,65876.67336942139,65111.61493796143,1
2021-10-23,66166.49341035126,65974.49152604862,65210.90922883884,1
2021-10-24,66266.16587764911,66072.29242630964,65310.31693875683,1
2021-10-25,66360.73162993777,66168.61030750684,65410.204507765804,1
2021-10-26,66453.603172111,66263.79121796257,65509.858525415475,1
2021-10-27,66554.66747438793,66360.33231288742,65609.70211996387,1
2021-10-28,66652.11770221371,66457.4571712599,65710.76666922504,1
2021-10-29,66767.15763209954,66557.65552214999,65812.61036241375,1
2021-10-30,66840.64793401561,66653.63878296556,65913.24403796336,1
2021-10-31,66951.56300253484,66753.23074905032,66014.07536375654,1
2021-11-01,67064.02385445981,66855.1020250647,66114.6052540985,1
2021-11-02,67143.28995213573,66953.33647504912,66213.53516680947,1
2021-11-03,67239.86307619493,67047.87756386818,66312.42818006867,1
2021-11-04,67336.14866753497,67146.97771057206,66411.68873584925,1
2021-11-05,67422.0735505878,67241.07982018265,66508.95885588086,1
2021-11-06,67514.29538371188,67331.13412603307,66605.81045835164,1
2021-11-07,67603.18962525722,67423.11406065736,66702.09980825374,1
2021-11-08,67720.71232969145,67519.28391135667,66799.27735592112,1
2021-11-09,67830.06911362293,67618.06800057426,66896.82370040468,1
2021-11-10,67942.78466457287,67722.21022337126,66995.0780026417,1
2021-11-11,68050.0013852133,67829.35142367156,67093.97997191417,1
2021-11-12,68138.71086750113,67936.45567212034,67192.59084477168,1
2021-11-13,68233.46566483832,68039.00633914971,67290.95583413113,1
2021-11-14,68338.3594104506,68140.66439851525,67389.83722315679,1
2021-11-15,68426.13813236168,68237.335092073,67488.46397116932,1
2021-11-16,68533.2681166634,68333.98843836303,67587.39400328309,1
2021-11-17,68630.86486268182,68432.41923739917,67686.3313613065,1
2021-11-18,68727.11665460632,68531.14943535277,67784.32931243183,1
2021-11-19,68834.22625428835,68630.32280412031,67884.00822844547,1
2021-11-20,68938.66888740321,68732.82895512863,67983.36352268889,1
2021-11-21,69035.05922574502,68833.18717694495,68081.91529125316,1
2021-11-22,69146.65252377866,68936.3447091643,68182.08341983528,1
2021-11-23,69235.84189050266,69038.08975634359,68281.88236055068,1
2021-11-24,69342.00124657211,69139.64475480033,68382.17498950253,1
2021-11-25,69447.9322591518,69241.49742915005,68483.46792493074,1
2021-11-26,69544.83679475867,69343.45294295278,68584.99499548308,1
2021-11-27,69648.09812498109,69443.74206319326,68687.24042046927,1
2021-11-28,69735.58698921723,69543.69108293619,68787.98415344556,1
2021-11-29,69844.8272594093,69644.25628550362,68888.72206073489,1
2021-11-30,69942.97823804487,69743.26548128223,68988.73173940848,1
2021-12-01,70037.75100783969,69841.84832389843,69088.1192205398,1
2021-12-02,70148.24110009805,69941.87691892183,69188.59573216965,1
2021-12-03,70241.19766319262,70042.9990537169,69288.98233208735,1
2021-12-04,70327.11305022899,70139.45621188084,69388.42001407627,1
2021-12-05,70411.54675849374,70233.16991597062,69487.69044538288,1
2021-12-06,70517.6068580072,70329.14108600412,69586.90738245007,1
2021-12-07,70604.80256448223,70420.45337888095,69685.60426754008,1
2021-12-08,70722.35050630207,70516.68394750284,69785.36596012488,1
2021-12-09,70801.53121222323,70611.56757990169,69883.7312080216,1
2021-12-10,70918.49577590612,70712.95738338417,69982.72255244676,1
2021-12-11,71020.60595057814,70813.55720189835,70081.99988868843,1
2021-12-12,71119.63881945945,70916.5244528938,70180.64920347247,1
2021-12-13,71214.18962859135,71014.89227735167,70279.5665903769,1
2021-12-14,71318.18098973487,71118.222232854,70378.37557753504,1
2021-12-15,71417.80464271062,71218.0840062149,70476.86919671297,1
2021-12-16,71528.83766153078,71319.73034840541,70576.06924005158,1
2021-12-17,71629.9799380174,71421.798572117,70675.1633307034,1
2021-12-18,71731.48295563202,71525.25723752513,70774.95812902413,1
2021-12-19,71827.84683350987,71627.19040628013,70874.10910772916,1
2021-12-20,71927.27737727267,71729.08495319255,70973.32406469056,1
2021-12-21,72030.35539496159,71829.38849987871,71072.95428404665,1
2021-12-22,72113.25371103502,71926.04325448224,71171.2049145935,1
2021-12-23,72199.77185681397,72019.70103471863,71269.13362427456,1
2021-12-24,72307.2044977542,72115.57256756749,71368.13819665083,1
2021-12-25,72408.91315213547,72211.89972254005,71468.00651633291,1
2021-12-26,72507.07331877195,72307.24330730212,71567.47983937114,1
2021-12-27,72607.2576581026,72406.04409671565,71667.60259405218,1
2021-12-28,72710.73347515622,72508.23642038408,71767.02174249486,1
2021-12-29,72805.33587835313,72607.86269650387,71867.21197580136,1
2021-12-30,72897.5528310991,72705.5906322966,71966.16482856103,1
2021-12-31,72999.51128365008,72804.07822527221,72065.11009521461,1
2022-01-01,73089.72755587392,72900.57220482649,72163.61453203534,1
2022-01-02,73193.81008343106,72997.18752648146,72262.59555477733,1
2022-01-03,73276.78424738868,73091.47720028857,72360.52571766001,1
2022-01-04,73387.07580376194,73189.38179482115,72458.98927571259,1
2022-01-05,73491.80177858607,73287.83989380834,72557.13748156535,1
2022-01-06,73594.36207592921,73388.76679781938,72655.35658846094,1
2022-01-07,73704.18898576866,73490.84257828692,72753.99188996777,1
2022-01-08,73820.84373021328,73599.65447485182,72853.64173480295,1
2022-01-09,73930.98743086346,73708.43680027215,72953.82723748247,1
2022-01-10,74012.57868855014,73812.59218226494,73052.9384021619,1
2022-01-11,74099.78291888279,73913.67635085566,73152.2648625543,1
2022-01-12,74193.53473310583,74011.54550032309,73251.95300636889,1
2022-01-13,74293.79564360794,74106.13588300203,73351.28256366157,1
2022-01-14,74398.97223381263,74199.73284359186,73450.78551774543,1
2022-01-15,74491.7147956811,74295.56006501806,73550.0175915909,1
2022-01-16,74593.58246332586,74394.31997390668,73649.33383185204,1
2022-01-17,74686.02863400233,74492.81875408597,73748.09858979436,1
2022-01-18,74779.9134559724,74590.04231655886,73846.82746867533,1
2022-01-19,74865.84684500392,74683.41723879712,73945.24216937055,1
2022-01-20,74956.61451254282,74776.39718216946,74043.0973308152,1
2022-01-21,75043.09766648665,74866.30022280163,74140.76583634583,1
2022-01-22,75133.33893395687,74955.76228279254,74237.74227887213,1
2022-01-23,75243.87535192295,75048.55466198265,74336.09683409885,1
2022-01-24,75334.38136303463,75142.2615655888,74433.46211206247,1
2022-01-25,75460.705183683,75243.07969981681,74531.90728231732,1
2022-01-26,75565.63836269181,75347.58783905786,74630.47109665546,1
2022-01-27,75667.48672392876,75454.41739705222,74728.63598356346,1
2022-01-28,75758.90314612695,75557.42295589302,74825.53895435914,1
2022-01-29,75865.90624492103,75663.72793227031,74922.28489506202,1
2022-01-30,75960.14986665866,75763.61686886544,75019.66345396744,1
2022-01-31,76061.36996480511,75862.76318928809,75117.74280626356,1
2022-02-01,76186.9708101878,75966.66000653993,75217.41461011766,1
2022-02-02,76286.01021119056,76072.08141955263,75317.0253384968,1
2022-02-03,76397.50294445342,76178.40075945911,75416.95187402883,1
2022-02-04,76490.47118020216,76284.4650221678,75516.88969325488,1
2022-02-05,76590.1212952972,76390.21528826622,75616.71663485345,1
2022-02-06,76707.82930165355,76494.38698655937,75717.80666823601,1
2022-02-07,76801.55963107567,76597.49687053639,75818.88897699118,1
2022-02-08,76919.68411665564,76701.93310497685,75921.58084057376,1
2022-02-09,77026.7616360102,76809.19119613846,76025.08819674714,1
2022-02-10,77121.13696825126,76915.39433072926,76128.99016183536,1
2022-02-11,77227.46104564182,77019.32067952692,76233.69626741961,1
2022-02-12,77337.18659013808,77126.4460713394,76338.36182933036,1
2022-02-13,77443.40468976025,77231.19018596032,76443.81299566665,1
2022-02-14,77527.70244256135,77331.37834727057,76547.16285861055,1
2022-02-15,77620.4310708031,77431.23716778091,76649.90249401613,1
2022-02-16,77717.95588444758,77529.33613554206,76752.42595204207,1
2022-02-17,77817.21155015659,77625.34112754578,76855.34137224355,1
2022-02-18,77923.41827113209,77721.34384382014,76958.2169735541,1
2022-02-19,78025.19528114142,77820.84241153617,77061.46924427824,1
2022-02-20,78111.84183755433,77919.1245648864,77163.9928379157,1
2022-02-21,78215.64381606439,78018.66215120976,77265.42648820954,1
2022-02-22,78321.74967351723,78119.5697758819,77367.21346132587,1
2022-02-23,78427.34757799654,78220.35563725478,77468.70569300302,1
2022-02-24,78538.15538525209,78322.94765807691,77571.08990325552,1
2022-02-25,78646.49460679758,78429.87821192558,77673.90856883055,1
2022-02-26,78751.08640758987,78536.96673023066,77776.07142412735,1
2022-02-27,78850.38475047529,78642.69374562227,77878.51268009734,1
2022-02-28,78933.77514114013,78743.97925825098,77979.21723132157,1
2022-03-01,79038.07132333145,78843.96244586685,78079.78271568762,1
2022-03-02,79140.14820020308,78942.69316454795,78180.73327728521,1
2022-03-03,79242.86398857503,79041.04868074499,78281.50342443187,1
2022-03-04,79330.09650281683,79136.9910312133,78381.14892006581,1
2022-03-05,79419.28593741274,79234.09319046783,78479.94298244844,1
2022-03-06,79529.81746594608,79332.44241899074,78580.04873361767,1
2022-03-07,79629.42191440752,79430.29716183164,78680.4982757979,1
2022-03-08,79736.23692138125,79528.97174839288,78781.41232764458,1
2022-03-09,79836.52010514255,79630.25646885803,78882.37775539389,1
2022-03-10,79936.8176665375,79733.76281468298,78983.04772516414,1
2022-03-11,80046.20050459726,79837.03942241322,79084.09798633694,1
2022-03-12,80141.04005731508,79939.36305099473,79185.55789732498,1
2022-03-13,80242.00126508449,80040.51591973538,79286.87576977597,1
2022-03-14,80337.37851219744,80140.68760114636,79387.65721170999,1
2022-03-15,80433.03354992312,80239.93077782348,79487.94151030632,1
2022-03-16,80529.94182868843,80336.6790426417,79587.53083247814,1
2022-03-17,80632.16316640477,80434.90366445965,79686.81426045849,1
2022-03-18,80727.37568018814,80531.97854748038,79785.62872408841,1
2022-03-19,80839.93324144387,80632.48949332967,79885.10614863684,1
2022-03-20,80930.98716842168,80732.08021702938,79984.96675000091,1
2022-03-21,81029.11845198006,80831.9155416877,80084.51910643335,1
2022-03-22,81124.72114139731,80930.42713668621,80183.74775349305,1
2022-03-23,81239.19092024086,81032.79018469676,80283.56410007636,1
2022-03-24,81341.15646800597,81133.03483000917,80384.1170983358,1
2022-03-25,81451.47491340066,81237.13237900496,80485.7265471352,1
2022-03-26,81536.61930967029,81338.63255054301,80586.06663932142,1
2022-03-27,81639.28981232898,81441.54628472935,80686.56003421747,1
2022-03-28,81748.18612028522,81543.34532473823,80787.15749416269,1
2022-03-29,81849.00896017798,81644.91582317263,80887.78193691446,1
2022-03-30,81959.66376392863,81746.55359327822,80988.92424178401,1
2022-03-31,82054.49087942763,81850.12790722969,81089.33876052554,1
2022-04-01,82168.58435382949,81955.98681552979,81190.71597535125,1
2022-04-02,82291.57333506568,82064.6642584859,81293.1945788503,1
2022-04-03,82387.94494946128,82172.45145634255,81395.7229007135,1
2022-04-04,82483.48992424727,82277.21668840628,81498.2457194297,1
2022-04-05,82598.02376901846,82385.92326632443,81601.64981644621,1
2022-04-06,82713.81949047577,82494.97029365369,81705.73263264976,1
2022-04-07,82808.59089020424,82598.37380468141,81809.79339315057,1
2022-04-08,82904.38902203328,82701.6626191958,81913.01618218003,1
2022-04-09,83001.57117594467,82805.27886953528,82016.54538255619,1
2022-04-10,83088.12667083433,82903.29944989845,82119.4957934989,1
2022-04-11,83178.94015136949,82996.3235820772,82222.2067439975,1
2022-04-12,83268.89874370197,83088.38515277675,82323.69213517055,1
2022-04-13,83361.22076805093,83179.75150198027,82424.69535017281,1
2022-04-14,83460.87391917706,83271.61205062675,82525.16530046164,1
2022-04-15,83563.21606650243,83366.62992976038,82626.49513830323,1
2022-04-16,83678.72107143057,83466.58611377259,82728.46670125832,1
2022-04-17,83768.73753102319,83566.55387123683,82829.4942717952,1
2022-04-18,83878.58075500795,83670.02586862825,82930.97286153672,1
2022-04-19,83976.4408665657,83773.13925810598,83031.81171666857,1
2022-04-20,84075.94622946918,83875.68529069932,83132.88448417065,1
2022-04-21,84182.69442439084,83976.47996129136,83233.58998769871,1
2022-04-22,84271.46720417522,84077.02589592178,83332.5846811542,1
2022-04-23,84375.29130163706,84176.3680052476,83431.95199876298,1
2022-04-24,84476.9558237192,84276.4709966783,83531.62529373658,1
2022-04-25,84581.88033635927,84377.65781805632,83630.81812210362,1
2022-04-26,84684.77202279835,84478.07333773782,83729.36574871975,1
2022-04-27,84809.32502419746,84585.64490174227,83829.4024554194,1
2022-04-28,84902.94762435494,84691.17616628585,83929.33038553549,1
2022-04-29,84997.63765480493,84795.312532503,84029.13370947851,1
2022-04-30,85091.40624954068,84897.21771513928,84129.29768841382,1
2022-05-01,85185.85147834908,84997.43360624943,84229.64325476279,1
2022-05-02,85279.47760707601,85091.46412282513,84330.1721979315,1
2022-05-03,85391.3677723871,85189.14815243156,84431.67954814831,1
2022-05-04,85505.57281486699,85290.73518444397,84533.91449293282,1
2022-05-05,85599.86535192949,85392.42700492173,84635.74695720416,1
2022-05-06,85691.54179619845,85493.5650684916,84736.38799344256,1
2022-05-07,85796.25595176232,85596.92073742887,84837.76391447951,1
2022-05-08,85890.73372131951,85696.79392721536,84938.37156279509,1
2022-05-09,85997.06303949706,85795.09197214138,85039.40267144165,1
2022-05-10,86099.09226970558,85894.93735569659,85140.55997345348,1
2022-05-11,86183.9348285556,85993.41596216802,85240.62199366171,1
2022-05-12,86299.4098805689,86094.04674792933,85342.0191274814,1
2022-05-13,86417.36865729986,86199.3737351254,85444.12299526454,1
2022-05-14,86511.24077039502,86302.209281305,85545.83724259833,1
2022-05-15,86607.36375479566,86403.86357832301,85647.11141352015,1
2022-05-16,86710.2224087029,86509.12109435248,85748.38393281538,1
2022-05-17,86813.56697660277,86611.95251355923,85848.59603043564,1
2022-05-18,86920.1524193295,86712.50926596517,85949.45627018438,1
2022-05-19,87040.25446471717,86818.3120048296,86051.58711067998,1
2022-05-20,87138.48499244223,86924.53625235891,86153.94104782506,1
2022-05-21,87230.50201999684,87028.59217461772,86256.17357490744,1
2022-05-22,87316.70882771669,87129.22054484049,86358.03513593948,1
2022-05-23,87409.39952731728,87227.06996643805,86458.936723686,1
2022-05-24,87509.06825758854,87320.83272501233,86559.11149582206,1
2022-05-25,87627.01383622372,87418.53849376862,86660.46892003677,1
2022-05-26,87721.83772323336,87516.80563441591,86761.98371638852,1
2022-05-27,87824.07560274974,87618.27898942253,86863.3746989379,1
2022-05-28,87923.91137378901,87721.18135871687,86965.03358156138,1
2022-05-29,88035.79530652349,87826.52676850386,87066.97019491269,1
2022-05-30,88161.06463078223,87933.33692741557,87170.06881296652,1
2022-05-31,88255.75594305302,88040.1205713795,87273.6598686914,1
2022-06-01,88350.86154862784,88145.47776055514,87376.23245209435,1
2022-06-02,88461.30315739854,88252.95611727703,87478.42917709929,1
2022-06-03,88568.1220722948,88359.42147043129,87581.27324219428,1
2022-06-04,88686.58914555216,88464.52637338528,87685.2345117321,1
2022-06-05,88792.42842740542,88571.86087025577,87789.34481266722,1
2022-06-06,88888.83550649755,88679.4556618297,87893.10823916196,1
2022-06-07,88994.74205480448,88786.14344131088,87996.8377209357,1
2022-06-08,89105.8290906103,88893.68484497399,88100.11645223036,1
2022-06-09,89214.03391242228,88999.17379834801,88203.89389822938,1
2022-06-10,89319.10665273336,89104.5094434136,88308.32412986619,1
2022-06-11,89429.77339962925,89212.69702203994,88413.97735846182,1
2022-06-12,89541.4663555337,89322.04188218577,88520.58069987263,1
2022-06-13,89655.28794544408,89431.93365315253,88627.89168426543,1
2022-06-14,89761.77504431998,89541.48187953208,88734.62974467022,1
2022-06-15,89860.10386351681,89649.68132168877,88841.5430516844,1
2022-06-16,89961.57100038114,89756.04084183915,88948.41782156598,1
2022-06-17,90073.63609004622,89862.47478874165,89055.90405737884,1
2022-06-18,90165.46673333636,89964.51054632009,89162.38762871947,1
2022-06-19,90269.15346642508,90065.98623074111,89267.79207050163,1
2022-06-20,90365.2200783018,90167.00947369813,89373.26527726406,1
2022-06-21,90465.50752653116,90267.79677892811,89478.99757615922,1
2022-06-22,90578.2920451572,90368.72796995033,89584.84702054715,1
2022-06-23,90680.20303583742,90471.67523045054,89690.4510687243,1
2022-06-24,90780.66740131898,90573.97801742931,89795.15498151262,1
2022-06-25,90867.06883990916,90674.34776975078,89898.88700213781,1
2022-06-26,90974.53137556944,90776.15253955843,90003.1717955914,1
2022-06-27,91080.98621738088,90876.69137400317,90107.48400372024,1
2022-06-28,91202.61876461392,90981.17451975847,90212.32348742042,1
2022-06-29,91299.5409822644,91084.94923594756,90316.59884091251,1
2022-06-30,91401.73248554104,91191.88196507393,90420.7301325529,1
2022-07-01,91504.22632237812,91297.82095443567,90524.45277869035,1
2022-07-02,91620.00085517576,91405.62388199464,90628.37950367245,1
2022-07-03,91719.0478998519,91508.90970904224,90731.56750139283,1
2022-07-04,91821.8381151096,91613.36913561128,90834.57065493232,1
2022-07-05,91927.91708020675,91718.60605454442,90937.96131576682,1
2022-07-06,92029.78317143834,91823.71742435647,91041.37192431968,1
2022-07-07,92125.31883529284,91924.78102037989,91143.956061582,1
2022-07-08,92227.2597352218,92026.42338745386,91247.04571167628,1
2022-07-09,92337.9960527204,92129.65497497602,91350.48784099105,1
2022-07-10,92427.7308997263,92229.61773887994,91453.61338206226,1
2022-07-11,92529.06059646777,92329.47322388583,91556.7910355591,1
2022-07-12,92622.05938831838,92428.82133449093,91658.97940271716,1
2022-07-13,92734.00985460762,92530.1713583681,91761.66974365567,1
2022-07-14,92818.77798555978,92626.32774493596,91863.57527286772,1
2022-07-15,92913.18876708706,92723.41931840812,91965.8812692266,1
2022-07-16,93016.9608858377,92820.99937628211,92068.00274474002,1
2022-07-17,93132.61612613004,92923.11072384444,92170.58424017747,1
2022-07-18,93231.95862351931,93022.70047762679,92272.05123312274,1
2022-07-19,93326.4066282524,93124.2262061653,92373.39451542214,1
2022-07-20,93445.2181989468,93230.63209253724,92475.56880109244,1
2022-07-21,93530.73805994264,93333.38752735824,92576.89438797065,1
2022-07-22,93608.75000037644,93428.61430220751,92676.33184523068,1
2022-07-23,93713.15014487696,93524.85260647905,92776.03695748195,1
2022-07-24,93808.12960263345,93621.19720135526,92875.35153185813,1
2022-07-25,93897.91727446212,93711.73701645833,92973.8515415709,1
2022-07-26,94005.00083893511,93806.58957225681,93072.61242494574,1
2022-07-27,94107.43884607282,93906.3273413961,93171.71842548475,1
2022-07-28,94201.79805976544,94004.05692437378,93270.44534171192,1
2022-07-29,94288.99501577874,94100.23000700286,93367.99528986485,1
2022-07-30,94397.71958906154,94200.19046992273,93466.49472433161,1
2022-07-31,94504.22160084112,94300.03462230394,93565.25277455027,1
2022-08-01,94603.22984220332,94399.19282153003,93664.31129724452,1
2022-08-02,94721.6962121638,94503.1724520097,93763.69561512233,1
2022-08-03,94810.99536450052,94607.57252175405,93863.30648406936,1
2022-08-04,94895.74011279127,94707.1766265,93962.43405135458,1
2022-08-05,94988.82103209248,94804.09651275029,94061.02705866731,1
2022-08-06,95088.36517192892,94901.12357869539,94158.81451095727,1
2022-08-07,95190.79856642216,94994.94404954708,94256.7565081024,1
2022-08-08,95288.3862058436,95090.42221781568,94354.85548698196,1
2022-08-09,95391.90675980871,95189.65554721918,94452.18991502505,1
2022-08-10,95479.39136556684,95287.76961391405,94549.62258030627,1
2022-08-11,95593.82901160757,95388.86238184979,94648.87653086783,1
2022-08-12,95693.00749982364,95489.30416853007,94747.86939861516,1
2022-08-13,95804.18045813953,95592.46301898926,94847.67194139046,1
2022-08-14,95907.6077116033,95695.60320934818,94948.15646324752,1
2022-08-15,96012.17524379485,95802.15998499378,95048.51518349051,1
2022-08-16,96117.87291659716,95906.9687659917,95149.03688701673,1
2022-08-17,96222.35000219732,96012.83726646643,95250.06448413832,1
2022-08-18,96328.777229796,96117.75662079772,95352.05359483918,1
2022-08-19,96442.06875509732,96224.64882949654,95454.27105314097,1
2022-08-20,96544.03396679432,96331.02057409643,95556.26167143862,1
2022-08-21,96651.1240043702,96437.67079165103,95658.65637954698,1
2022-08-22,96750.22664742732,96543.24612069703,95760.08290131015,1
2022-08-23,96864.62781958184,96650.4162386542,95862.76452406423,1
2022-08-24,96957.86389656123,96753.57526694698,95965.87071325272,1
2022-08-25,97075.87330089034,96859.94313376618,96070.22332669262,1
2022-08-26,97175.47172138387,96964.81267716891,96174.57865416535,1
2022-08-27,97261.16397036272,97067.000141756,96278.09692436238,1
2022-08-28,97362.44501451182,97166.563580742,96381.79986479579,1
2022-08-29,97455.63449793706,97266.11770101715,96484.98625170221,1
2022-08-30,97564.04093342696,97363.75122752448,96589.21873009522,1
2022-08-31,97657.51469363392,97460.15982197449,96692.40301419653,1
2022-09-01,97753.05285930178,97558.5375997623,96795.40528217044,1
2022-09-02,97834.15745199232,97652.88008725841,96896.90413186308,1
2022-09-03,97929.63438879984,97747.68006543096,96998.0054657229,1
2022-09-04,98005.39559553356,97835.95099785228,97097.66648330985,1
2022-09-05,98089.5565672987,97922.35937258524,97196.25066584491,1
2022-09-06,98197.16071386014,98011.1809434969,97294.99120142806,1
2022-09-07,98305.01871544664,98105.35319618777,97393.8032757106,1
2022-09-08,98409.2732910645,98201.2809766407,97492.16350250895,1
2022-09-09,98499.6035296332,98300.12256346064,97589.94198065091,1
2022-09-10,98599.1264160718,98402.03653321524,97687.34210123598,1
2022-09-11,98699.0903906809,98502.4224685794,97784.78528839865,1
2022-09-12,98787.50674378897,98598.92007424787,97880.92923460901,1
2022-09-13,98902.54072680663,98697.5735613963,97978.16307612129,1
2022-09-14,99011.3143497124,98799.91572541214,98074.93512856239,1
2022-09-15,99109.1047079741,98901.9113837926,98171.6167778919,1
2022-09-16,99209.37356636404,99003.96801892921,98269.02725769197,1
2022-09-17,99311.45739444353,99108.75814906014,98366.47787668856,1
2022-09-18,99391.04004575926,99206.45801285066,98463.24815407966,1
2022-09-19,99488.56827193404,99301.908797295,98559.474521005,1
2022-09-20,99581.74842945408,99396.43754159097,98655.68620779601,1
2022-09-21,99671.73222935513,99488.90927418921,98751.62017629869,1
2022-09-22,99768.92122642626,99580.40204058576,98848.35836502038,1
2022-09-23,99886.89809169476,99679.57364977285,98946.22155016512,1
2022-09-24,99993.30652030744,99780.52129944753,99045.61709640382,1
2022-09-25,100087.5947304096,99881.69055963864,99145.51900455936,1
2022-09-26,100193.32055822316,99986.00822541225,99245.32699677753,1
2022-09-27,100307.31411258904,100093.68680264479,99345.44176663464,1
2022-09-28,100416.56044941816,100199.61927418949,99445.80612455233,1
2022-09-29,100517.15675311736,100304.38932075146,99546.68378572652,1
2022-09-30,100610.6873853403,100409.0078517376,99647.26183418997,1
2022-10-01,100717.66961847644,100513.87766378825,99748.19079557974,1
2022-10-02,100821.60447233064,100616.73573573658,99849.89568200681,1
2022-10-03,100930.55640453091,100719.53492675912,99951.29646589303,1
2022-10-04,101036.90812254771,100823.4852006452,100052.57615453479,1
2022-10-05,101147.40364970092,100930.82845351733,100154.49110162114,1
2022-10-06,101242.05129758532,101035.7047893391,100256.1249881822,1
2022-10-07,101355.22523824166,101142.4289425213,100358.3133803721,1
2022-10-08,101457.2012342886,101247.75790847285,100461.62143979859,1
2022-10-09,101577.95384301484,101355.96705256627,100566.09071835261,1
2022-10-10,101671.06196483396,101460.69871559288,100670.55639512162,1
2022-10-11,101788.4216028656,101569.97277664894,100776.39086379713,1
2022-10-12,101890.40071070024,101677.00787114065,100882.46483801084,1
2022-10-13,101983.8865306641,101782.34493041574,100987.3142599593,1
2022-10-14,102079.04767232356,101882.56369627749,101091.60131756011,1
2022-10-15,102175.8441992416,101983.52014315902,101196.01379100172,1
2022-10-16,102280.08585870564,102081.85299432703,101300.35205602583,1
2022-10-17,102385.31421358598,102180.83569490418,101404.25206107568,1
2022-10-18,102479.5772135466,102279.97383148069,101507.4028992821,1
2022-10-19,102579.333667624,102380.03103054076,101610.51174500743,1
2022-10-20,102700.75637121013,102485.01346493447,101715.01519430093,1
2022-10-21,102818.03180291112,102592.60265377557,101820.03330352265,1
2022-10-22,102922.39503960786,102700.01881897994,101925.07283188651,1
2022-10-23,103022.77507438954,102808.65839114852,102029.68376537945,1
2022-10-24,103123.97538765673,102917.58673515507,102134.0371286349,1
2022-10-25,103230.11056738404,103023.45757438985,102238.17247451906,1
2022-10-26,103319.88264173204,103123.82774215404,102342.06404172638,1
2022-10-27,103417.3088763578,103222.81050950402,102445.1682236322,1
2022-10-28,103500.62303561904,103318.38010174994,102547.33931369873,1
2022-10-29,103604.61526684508,103414.50807758761,102648.67238489023,1
2022-10-30,103711.0872262421,103510.70340935921,102750.67364796063,1
2022-10-31,103806.25536161911,103607.97795333662,102851.56533589831,1
2022-11-01,103921.99522925202,103708.91522391546,102953.1450618259,1
2022-11-02,104009.737572622,103810.73813131606,103054.4376139238,1
2022-11-03,104095.09382381989,103908.83384271103,103155.2399214986,1
2022-11-04,104197.33834200547,104006.0840658637,103256.3146286368,1
2022-11-05,104307.80932503162,104106.3948585462,103357.70080195312,1
2022-11-06,104424.6486019462,104206.92553308504,103459.66752137113,1
2022-11-07,104520.0597593175,104308.98997042413,103561.69164865966,1
2022-11-08,104630.84656765182,104416.14051919052,103664.26729366106,1
2022-11-09,104730.46148295682,104522.7651473808,103765.75254924838,1
2022-11-10,104828.7352099574,104626.95032436596,103866.2877196007,1
2022-11-11,104937.57180933228,104729.53496584317,103967.04655808692,1
2022-11-12,105044.0950381164,104834.34202160295,104068.11255627326,1
2022-11-13,105128.33111654656,104933.83893138189,104168.33034271776,1
2022-11-14,105243.09652004384,105036.3659387993,104268.97964035075,1
2022-11-15,105356.89743358533,105141.99838352487,104370.83037994342,1
2022-11-16,105450.64180657022,105244.61238297247,104472.49702645403,1
2022-11-17,105554.5998419046,105346.71334373011,104575.1958667683,1
2022-11-18,105659.54014376742,105452.95514917427,104677.94211061441,1
2022-11-19,105762.14688142564,105556.76522145064,104780.49509337361,1
2022-11-20,105856.6438298872,105656.71450071102,104883.01451678702,1
2022-11-21,105949.9275962078,105756.57165863854,104984.4111351348,1
2022-11-22,106049.6720554979,105855.5861013572,105086.40785927858,1
2022-11-23,106161.39934569049,105955.9579417418,105189.72313537211,1
2022-11-24,106266.83534723644,106056.89563490397,105293.19798563367,1
2022-11-25,106363.12920391557,106158.19270970963,105395.96397957788,1
2022-11-26,106470.84619102204,106262.37642867249,105498.27385903166,1
2022-11-27,106542.36076481576,106360.91417053607,105599.38890930658,1
2022-11-28,106653.84842181946,106459.40398576185,105700.53900201495,1
2022-11-29,106736.45128403167,106553.3271731209,105800.8384920687,1
2022-11-30,106832.82687461766,106647.26670726133,105901.04307530171,1
2022-12-01,106921.6301756714,106737.42350419119,106000.24599361866,1
2022-12-02,107008.6833609142,106830.68802341088,106098.47540975855,1
2022-12-03,107120.29162878798,106923.97666480458,106198.07343537062,1
2022-12-04,107215.61461677484,107019.80933135322,106296.69934020718,1
2022-12-05,107319.07965559216,107117.05988754812,106394.80845130752,1
2022-12-06,107418.61044980335,107216.45594237451,106493.20688346917,1
2022-12-07,107523.3808580756,107319.39544180679,106591.64593427772,1
2022-12-08,107624.1490769862,107420.16693144644,106689.87638093866,1
2022-12-09,107711.31915474431,107519.30783904032,106787.33499460461,1
2022-12-10,107821.28182293878,107619.74827250963,106885.56689425718,1
2022-12-11,107916.34425710716,107719.29503397041,106983.88772730215,1
2022-12-12,108000.77843812056,107814.77454997941,107081.4430464333,1
2022-12-13,108096.49728651092,107909.24419188434,107178.19794347431,1
2022-12-14,108211.50488441726,108009.28133781895,107275.43142033336,1
2022-12-15,108320.0071018384,108109.02639359885,107373.27531522948,1
2022-12-16,108416.52058049433,108209.06165827629,107470.5590347031,1
2022-12-17,108513.02800345112,108311.5115713424,107569.09239663486,1
2022-12-18,108609.81165293897,108414.17444462802,107666.89055819085,1
2022-12-19,108730.57913277455,108517.98929429946,107766.59695062798,1
2022-12-20,108834.39848729689,108620.86757139117,107866.67553126195,1
2022-12-21,108938.6989037688,108725.30323604606,107967.52896766682,1
2022-12-22,109049.0017383091,108832.49798301766,108069.54488653658,1
2022-12-23,109151.38962989936,108940.81357840975,108171.09978659214,1
2022-12-24,109248.79920844117,109044.45759354306,108272.75901617545,1
2022-12-25,109346.8357099503,109146.94503807374,108374.14681889335,1
2022-12-26,109446.11969735616,109248.42919679121,108475.52228127101,1
2022-12-27,109545.74747499106,109347.77834412761,108576.64061211678,1
2022-12-28,109653.02377042743,109448.10517223323,108678.08434678882,1
2022-12-29,109753.54322928553,109549.05397640211,108780.1955505159,1
2022-12-30,109860.86963005768,109651.86076042359,108882.17494087185,1
2022-12-31,109960.06246425658,109754.64931380365,108984.36085122931,1
2023-01-01,110060.84881615976,109857.6695820374,109087.36437013125,1
2023-01-02,110140.86680931442,109955.2381898148,109189.58284627143,1
2023-01-03,110250.03008606144,110054.53556116999,109291.50910635365,1
2023-01-04,110353.49497082044,110153.06062932251,109393.18349980275,1
2023-01-05,110463.47507191903,110253.74315085502,109495.53122437399,1
2023-01-06,110534.5125181371,110348.47589125049,109596.60545010827,1
2023-01-07,110655.3962651849,110451.38178242459,109698.88468072058,1
2023-01-08,110754.00036890336,110552.17583899296,109800.05574252704,1
2023-01-09,110865.08219707072,110654.49328424301,109901.58992801572,1
2023-01-10,110954.68313779948,110752.73489741911,110002.38913971726,1
2023-01-11,111060.8108768501,110857.9945691617,110102.97959664429,1
2023-01-12,111150.27672121835,110956.9706603684,110202.92395121025,1
2023-01-13,111244.0390316114,111054.97839291001,110302.68594236877,1
2023-01-14,111363.17934515006,111154.59782252589,110403.50312412875,1
2023-01-15,111461.27252114244,111255.91569919446,110504.26076531806,1
2023-01-16,111563.44684987422,111356.4428937993,110605.14573406221,1
2023-01-17,111672.1475271811,111460.81705499184,110706.1019218999,1
2023-01-18,111777.10434606083,111567.43011788171,110807.27997773867,1
2023-01-19,111878.60853511227,111670.51595587419,110908.16692299143,1
2023-01-20,111982.25814513692,111774.71308067309,111009.27670703542,1
2023-01-21,112106.29230098931,111883.2821708961,111111.5488812769,1
2023-01-22,112205.71611301898,111989.99588806366,111214.79134646212,1
2023-01-23,112307.72710348612,112096.12043954871,111317.67619733335,1
2023-01-24,112418.2336474462,112204.0454620155,111420.91313116465,1
2023-01-25,112529.2889067758,112313.45161434328,111524.20382290748,1
2023-01-26,112641.1592098314,112420.4249961117,111629.5361574922,1
2023-01-27,112747.54651205167,112528.79107591824,111734.14366983555,1
2023-01-28,112836.1164629244,112634.46894780589,111838.2494745366,1
2023-01-29,112952.4507782474,112741.31237396612,111942.61790359544,1
2023-01-30,113040.9873243172,112843.6520574744,112046.93311292131,1
2023-01-31,113144.0136789696,112944.22295130207,112151.0932530273,1
2023-02-01,113236.4709204694,113042.0078329856,112255.40296298983,1
2023-02-02,113335.82953700348,113141.95044780141,112359.99248825945,1
2023-02-03,113439.11716110652,113239.28372437324,112463.78937905727,1
2023-02-04,113542.330733261,113339.552406162,112567.8422896632,1
2023-02-05,113646.54994080336,113440.05965852874,112671.99744420964,1
2023-02-06,113762.68705349397,113545.30288513369,112776.5244205253,1
2023-02-07,113867.2223965091,113651.5814570348,112881.0303230477,1
2023-02-08,113964.7808301562,113756.71419084472,112985.33893779988,1
2023-02-09,114074.42170183908,113863.13238456035,113089.947115635,1
2023-02-10,114186.31640672832,113971.08567774533,113193.94832092195,1
2023-02-11,114274.04032857696,114073.35633276193,113297.36453169987,1
2023-02-12,114380.01432927544,114175.9147193152,113400.97889298931,1
2023-02-13,114487.02605669857,114280.36376462367,113504.41851345194,1
2023-02-14,114584.05042166496,114382.28950858884,113607.15658919638,1
2023-02-15,114697.80748979808,114484.58772520281,113709.98900319476,1
2023-02-16,114796.30693392776,114589.04104627296,113812.42702428854,1
2023-02-17,114897.56269846248,114692.55072011038,113915.49933606542,1
2023-02-18,114995.83198021963,114794.31190481459,114017.66839616405,1
2023-02-19,115095.98777069544,114896.69937462069,114120.41841848296,1
2023-02-20,115185.02501982648,114994.14288062637,114222.4689855258,1
2023-02-21,115270.62451100054,115089.0063960409,114324.17666505238,1
2023-02-22,115386.5695616328,115186.80776867499,114426.71366628383,1
2023-02-23,115478.0999481496,115283.26136226098,114528.66280563599,1
2023-02-24,115568.18602465503,115377.70101305288,114629.9555702057,1
2023-02-25,115646.652123519,115470.02643379138,114729.96067934146,1
2023-02-26,115740.26250604213,115563.95403279972,114828.83945196887,1
2023-02-27,115827.03160810804,115652.04644209475,114926.82991254881,1
2023-02-28,115943.4517597094,115745.11680440672,115025.7634590265,1
2023-03-01,116053.54993060284,115842.18958559628,115124.71987046467,1
2023-03-02,116146.66842715106,115942.1928463227,115222.73747148582,1
2023-03-03,116269.1927852045,116047.97890215516,115322.49509431717,1
2023-03-04,116379.01044007442,116158.37466854844,115422.44489985713,1
2023-03-05,116475.76212623934,116264.83674185444,115521.88170333419,1
2023-03-06,116550.7680690906,116364.280369552,115620.21758570548,1
2023-03-07,116673.67749481653,116469.68218308508,115719.01108595639,1
2023-03-08,116759.78177014888,116567.79998007396,115817.18482776743,1
2023-03-09,116843.32778267932,116660.66344859493,115914.4730819783,1
2023-03-10,116953.55348699942,116756.22172074695,116012.35915731725,1
2023-03-11,117077.9510110628,116861.65830914138,116111.45731933563,1
2023-03-12,117191.7937392479,116965.28155802768,116211.79575530672,1
2023-03-13,117297.43283044844,117072.81177008757,116313.1361712791,1
2023-03-14,117403.38037386507,117184.82228832474,116413.9767118907,1
2023-03-15,117511.91452945289,117296.49449681542,116515.66744095588,1
2023-03-16,117619.50381535076,117404.80505767302,116618.23333049065,1
2023-03-17,117722.31572959044,117510.90945574152,116722.01651079424,1
2023-03-18,117823.35774062996,117616.09443777784,116826.17127252363,1
2023-03-19,117922.73180935095,117719.96472487498,116930.95628258579,1
2023-03-20,118015.1921634623,117820.62025167688,117034.54330277343,1
2023-03-21,118112.38541269363,117919.19657114547,117137.48507687796,1
2023-03-22,118195.45584455167,118013.8245941377,117239.924447748,1
2023-03-23,118294.47244828372,118108.04753566845,117341.18843090197,1
2023-03-24,118384.58653721222,118200.4184812407,117441.46723575886,1
2023-03-25,118473.55064404006,118292.09017735627,117541.35666164888,1
2023-03-26,118575.3495855516,118384.68301192785,117642.5857374719,1
2023-03-27,118689.26960841504,118483.44576470053,117743.36534315185,1
2023-03-28,118798.45277447508,118584.2418299388,117845.29889336815,1
2023-03-29,118882.74776843884,118683.87407618412,117947.26989265613,1
2023-03-30,118972.85148707312,118783.73424479071,118048.23479265983,1
2023-03-31,119082.25919895302,118885.11616747102,118148.45020205434,1
2023-04-01,119172.43432501765,118981.74911079156,118247.48223134282,1
2023-04-02,119270.18799351764,119076.09615460006,118346.11998949628,1
2023-04-03,119375.6885145079,119174.68430381388,118444.73539652843,1
2023-04-04,119466.00506995928,119273.31502039109,118542.43992355376,1
2023-04-05,119567.05882502072,119370.27494560464,118639.81767403726,1
2023-04-06,119653.71857007152,119466.53179461541,118736.3878160613,1
2023-04-07,119747.70489363202,119562.0351746383,118832.6051737114,1
2023-04-08,119850.90271297345,119657.0780143314,118929.01371889251,1
2023-04-09,119934.97277563812,119750.87155546717,119025.0027495013,1
2023-04-10,120039.37752301774,119845.33529506656,119121.35235501752,1
2023-04-11,120139.18114502847,119942.42781005795,119218.53862004136,1
2023-04-12,120244.70604457264,120041.82804024608,119316.0502998558,1
2023-04-13,120346.94518591328,120141.03653483404,119414.16823229086,1
2023-04-14,120460.58659021302,120246.15929774902,119513.5200295995,1
2023-04-15,120561.8388352395,120350.6515601934,119612.84449208391,1
2023-04-16,120657.54477982824,120454.32428715334,119711.25825065456,1
2023-04-17,120758.76775485856,120557.13662921052,119809.27399967375,1
2023-04-18,120864.20073514892,120660.58773905765,119908.34664800923,1
2023-04-19,120964.6893358522,120761.40828818548,120007.9385404482,1
2023-04-20,121065.09525276424,120862.05957169044,120107.08034313875,1
2023-04-21,121158.07533588615,120962.16568290202,120206.36239368217,1
2023-04-22,121251.44632671066,121060.70139727244,120305.42531034183,1
2023-04-23,121337.42027399268,121155.34530504118,120403.51189831606,1
2023-04-24,121454.91604142454,121253.39064615566,120502.95744688933,1
2023-04-25,121542.47740907063,121348.86707741693,120601.72837609184,1
2023-04-26,121635.54835709267,121444.36168165824,120700.8198654429,1
2023-04-27,121728.36428443698,121539.7452732035,120799.85283498312,1
2023-04-28,121837.31352820642,121639.72392404624,120899.1733757448,1
2023-04-29,121934.3640314235,121735.61352204604,120999.14293853406,1
2023-04-30,122046.84145215024,121836.48633066197,121099.51613499068,1
2023-05-01,122140.1065459078,121937.397968425,121199.56240503464,1
2023-05-02,122242.89648753004,122040.30440904359,121299.47192718252,1
2023-05-03,122334.54301699744,122139.7503068018,121398.85181873672,1
2023-05-04,122455.99450827517,122244.07640217214,121498.62221463984,1
2023-05-05,122544.11852408489,122343.53181655906,121597.73619908211,1
2023-05-06,122647.21673118716,122444.95385361493,121697.21979665004,1
2023-05-07,122753.55449999646,122547.08545610821,121796.95913390692,1
2023-05-08,122857.69249097098,122651.71535090294,121896.63372169805,1
2023-05-09,122955.8396143822,122751.68437212433,121996.19123562453,1
2023-05-10,123054.54140738488,122853.76894878433,122095.66354335556,1
2023-05-11,123154.97952210464,122955.32150696784,122195.5087526665,1
2023-05-12,123253.50950208836,123055.3125073862,122295.61191143538,1
2023-05-13,123363.14829325632,123156.40366784329,122396.89831239855,1
2023-05-14,123485.2535232722,123262.28644962127,122498.41518649095,1
2023-05-15,123579.67860542212,123367.31388922874,122600.2752463085,1
2023-05-16,123665.98057562634,123469.51409993306,122701.79685723518,1
2023-05-17,123765.09775514282,123571.83175054395,122803.6335307705,1
2023-05-18,123890.89484851935,123677.38106159656,122906.31259678614,1
2023-05-19,123982.85810283967,123776.90197751005,123008.73730035694,1
2023-05-20,124099.24927089411,123880.81611060447,123111.35769129414,1
2023-05-21,124216.02627903488,123990.82525128618,123215.1536779505,1
2023-05-22,124310.4903966178,124099.90377958116,123318.5333734049,1
2023-05-23,124416.18022740966,124204.96085535921,123422.61523392549,1
2023-05-24,124532.46419364096,124314.88207351947,123526.43871819376,1
2023-05-25,124628.67291623108,124420.76680258688,123630.66643780109,1
2023-05-26,124726.63711263004,124522.8889693059,123734.63745687324,1
2023-05-27,124820.82030349056,124624.95495068046,123838.00074704798,1
2023-05-28,124910.67273618362,124723.85345243526,123940.64975930858,1
2023-05-29,125004.17996073296,124818.19660585365,124043.06677662613,1
2023-05-30,125091.94055806534,124910.85013422051,124144.93673416015,1
2023-05-31,125192.28139274791,125003.97899024407,124246.80182769231,1
2023-06-01,125284.58166043734,125096.73126163342,124348.35543560977,1
2023-06-02,125386.91951955525,125191.98061830776,124449.54399692472,1
2023-06-03,125471.3605630932,125285.4167387798,124548.84934891574,1
2023-06-04,125574.66936541536,125381.96250024982,124648.59888691541,1
2023-06-05,125683.00465503146,125480.10715270652,124749.45009088567,1
2023-06-06,125763.06729860576,125575.8042803402,124849.34856805883,1
2023-06-07,125866.80786430422,125671.78194929,124948.14421884806,1
2023-06-08,125979.08455422896,125773.32674751715,125047.95554141754,1
2023-06-09,126066.98814404204,125871.79050324249,125146.34248507493,1
2023-06-10,126183.71386791042,125971.93234581829,125244.72686451869,1
2023-06-11,126287.90405800407,126076.89969769795,125343.59754758801,1
2023-06-12,126380.8539394465,126179.7089127264,125441.83123318986,1
2023-06-13,126480.29624866993,126279.9512516146,125539.22283594128,1
2023-06-14,126585.87951779514,126383.72952636522,125637.0831660195,1
2023-06-15,126686.63957170928,126484.31466712497,125735.08328897347,1
2023-06-16,126792.02713163372,126585.13928185092,125833.6436303806,1
2023-06-17,126882.82039570292,126685.5325731022,125932.25101335658,1
2023-06-18,126984.51400394327,126786.37612415687,126031.26771551711,1
2023-06-19,127070.37685897424,126883.27559239269,126130.18953056254,1
2023-06-20,127169.26459836077,126979.80059772299,126229.03869084318,1
2023-06-21,127260.22552194612,127073.44027578547,126327.82088391863,1
2023-06-22,127352.8702225202,127167.45024114891,126426.11841906686,1
2023-06-23,127465.23115427232,127263.59367121472,126525.81194862584,1
2023-06-24,127576.14425547826,127364.74715051553,126625.88569312899,1
2023-06-25,127682.23563668731,127467.34135818086,126725.84724221178,1
2023-06-26,127771.3125090406,127569.55875559973,126826.2595027335,1
2023-06-27,127868.14842454364,127672.61439600443,126926.32653074549,1
2023-06-28,127980.27940154343,127775.62404545865,127026.38627311119,1
2023-06-29,128081.69657067984,127876.73450849896,127127.12169444309,1
2023-06-30,128204.88986607964,127981.26535437742,127228.18049435157,1
2023-07-01,128308.8230444736,128088.76746146404,127329.22644367504,1
2023-07-02,128410.7435356385,128197.286483683,127430.72092348462,1
2023-07-03,128507.65237099648,128302.76107757361,127532.08872960096,1
2023-07-04,128608.98778004428,128408.2193194465,127633.24414271342,1
2023-07-05,128707.46308168049,128508.73396256666,127734.28531821197,1
2023-07-06,128814.54416844738,128609.87818736144,127835.41117005264,1
2023-07-07,128924.11119161532,128712.55171855679,127937.4757098483,1
2023-07-08,129016.25129701024,128814.27150375955,128039.06257450162,1
2023-07-09,129102.93896747466,128913.0617412456,128140.69067992666,1
2023-07-10,129184.57691374364,129008.48450765824,128241.45629569581,1
2023-07-11,129289.65682701276,129103.50703937132,128342.92786094912,1
2023-07-12,129378.62316095104,129194.40943323847,128444.21550787069,1
2023-07-13,129457.0942550215,129282.57802484072,128543.80866290812,1
2023-07-14,129560.9800410668,129374.18623955916,128643.05045218757,1
2023-07-15,129685.91003624114,129474.45286405864,128743.23417216525,1
2023-07-16,129785.84932712576,129573.69136408126,128843.96101306952,1
2023-07-17,129894.23423487028,129676.8135788651,128945.26530358584,1
2023-07-18,129995.05252845574,129784.40523355194,129046.00395993146,1
2023-07-19,130094.06363192384,129891.02195172335,129146.62231299366,1
2023-07-20,130203.2543967537,129994.49082382586,129246.54053952736,1
2023-07-21,130300.35165131182,130097.39128866307,129346.11696986927,1
2023-07-22,130403.02557445252,130199.14955657953,129445.73107180996,1
2023-07-23,130506.2425525145,130301.38756139127,129545.66058088587,1
2023-07-24,130599.56164797806,130402.4871646021,129645.18927428257,1
2023-07-25,130709.48207147342,130503.73269954606,129745.2902237722,1
2023-07-26,130807.73247390646,130605.20886406497,129844.94963904517,1
2023-07-27,130900.17502231154,130704.63875363678,129943.75283057996,1
2023-07-28,131005.54012074725,130804.49826728334,130043.21727176683,1
2023-07-29,131096.55544092934,130903.89702587361,130142.89809543957,1
2023-07-30,131196.83725250303,131001.3680620795,130243.51111237751,1
2023-07-31,131296.74606253658,131099.17077980554,130343.86557415372,1
2023-08-01,131407.60501819488,131200.6567789822,130445.31466701589,1
2023-08-02,131512.35200052368,131302.0191549375,130548.07755429103,1
2023-08-03,131612.10173093624,131405.12841293885,130650.63363878448,1
2023-08-04,131720.27939392824,131509.81684122392,130752.35210666884,1
2023-08-05,131834.18146941843,131617.3039226003,130854.76871378347,1
2023-08-06,131939.75957248194,131723.7348334577,130957.04498066404,1
2023-08-07,132039.86309868036,131829.23705308902,131059.2855091753,1
2023-08-08,132126.74473635686,131932.16565417318,131160.91956439696,1
2023-08-09,132216.0935997261,132031.32849533274,131261.56152454557,1
2023-08-10,132313.04135268254,132127.10047198558,131362.1960096141,1
2023-08-11,132406.94623066095,132220.53780362135,131462.39204242453,1
2023-08-12,132505.0765176311,132313.58048741153,131562.33374068036,1
2023-08-13,132605.64301688006,132409.36014351615,131662.63780912544,1
2023-08-14,132710.93994442362,132508.32941245567,131762.71070277298,1
2023-08-15,132810.23495664302,132607.76813324777,131862.8358269098,1
2023-08-16,132915.0999730813,132709.39888173182,131963.5820744483,1
2023-08-17,133015.7447172294,132811.53252165148,132064.09230427237,1
2023-08-18,133095.99005156584,132909.60192858864,132164.0640348042,1
2023-08-19,133186.59669762765,133004.73327922943,132263.55200706044,1
2023-08-20,133285.15582207043,133099.71745231492,132362.97249503713,1
2023-08-21,133373.058874642,133191.30923262707,132461.2451878595,1
2023-08-22,133479.05816194197,133283.97192156958,132559.5804959304,1
2023-08-23,133594.3656702654,133383.64704530948,132658.69369289686,1
2023-08-24,133706.55328878236,133487.63836354046,132758.00738763958,1
2023-08-25,133804.41886007306,133591.49097114097,132856.5192571723,1
2023-08-26,133919.32612144155,133700.74442050088,132955.4975846203,1
2023-08-27,134020.81279601358,133809.09534731522,133054.54506948695,1
2023-08-28,134117.4419363024,133913.7106005226,133154.07992948423,1
2023-08-29,134211.307909667,134014.66152469954,133253.84064498125,1
2023-08-30,134308.2832128021,134115.43439524533,133353.60273798724,1
2023-08-31,134404.4014446167,134212.44945988036,133453.47549868503,1
2023-09-01,134506.10560684046,134309.50802204572,133553.52695314548,1
2023-09-02,134607.71134665096,134407.56190411543,133653.63036963405,1
2023-09-03,134707.7418068525,134506.84868355253,133753.47046275547,1
2023-09-04,134812.11118854996,134607.61427870212,133853.56427435082,1
2023-09-05,134924.01765129782,134711.53752003834,133954.01015826166,1
2023-09-06,135033.51319265223,134817.0190372007,134054.89858203282,1
2023-09-07,135118.6642129677,134919.20961046405,134156.03229010288,1
2023-09-08,135193.12500161873,135016.2862494173,134256.35870530244,1
2023-09-09,135302.46820073112,135114.35765185353,134357.2243242355,1
2023-09-10,135388.79941374698,135207.31400434335,134458.01135119074,1
2023-09-11,135486.55175972806,135297.92171775852,134558.38603108004,1
2023-09-12,135574.85062946746,135389.15900105846,134657.41027904014,1
2023-09-13,135656.83082509166,135481.90016575303,134754.9241558556,1
2023-09-14,135762.2454523737,135573.85561608156,134852.81548547064,1
2023-09-15,135869.83700397672,135670.06313412753,134950.3410295974,1
2023-09-16,135964.07189996945,135765.5671621758,135047.50398479518,1
2023-09-17,136038.161477048,135858.22933169192,135143.53996183246,1
2023-09-18,136132.6990325655,135953.40297318666,135239.6095179774,1
2023-09-19,136236.61707261953,136048.27729723585,135336.02621096827,1
2023-09-20,136321.82795693178,136138.67548782687,135431.897536584,1
2023-09-21,136423.66155612958,136230.5934190589,135527.77533404846,1
2023-09-22,136523.50845763786,136327.66281517682,135623.5651895978,1
2023-09-23,136629.30137263387,136426.98328319052,135719.64316788688,1
2023-09-24,136730.49717631802,136525.75930393024,135815.5624672753,1
2023-09-25,136820.7664869092,136625.54700992574,135910.39990905585,1
2023-09-26,136932.73220192586,136727.36113908497,136005.3608595195,1
2023-09-27,137031.1469061956,136828.8888287965,136100.9849941809,1
2023-09-28,137130.8738608005,136929.20332642985,136197.87243714003,1
2023-09-29,137221.54118120976,137027.41212740817,136293.82608616396,1
2023-09-30,137317.10835869785,137126.68050176592,136390.2415334115,1
2023-10-01,137408.26033155757,137221.78612769226,136486.32696200296,1
2023-10-02,137506.53087095835,137316.8629206448,136582.9109740775,1
2023-10-03,137623.64795575978,137415.41773963667,136681.2518306109,1
2023-10-04,137709.92894433046,137513.0952922608,136778.63600520877,1
2023-10-05,137793.7933303517,137608.43228659156,136874.8338215275,1
2023-10-06,137908.50503362663,137708.48122700537,136972.05547821036,1
2023-10-07,138006.4117968551,137808.45741218474,137070.4679942007,1
2023-10-08,138099.7210694685,137903.67203492648,137168.81909604586,1
2023-10-09,138210.12011634247,138003.71026932888,137267.49424823202,1
2023-10-10,138304.0639609451,138105.76439544756,137366.6060484327,1
2023-10-11,138422.32405808056,138208.52820033836,137466.53917353024,1
2023-10-12,138529.10331679395,138313.06650432613,137566.81891648803,1
2023-10-13,138624.2242027125,138417.96713097492,137666.56505799195,1
2023-10-14,138745.79728484515,138525.10256467544,137767.3300634183,1
2023-10-15,138839.7401356151,138632.23779960946,137868.27874585363,1
2023-10-16,138947.1610893352,138737.20520586037,137969.0001902241,1
2023-10-17,139050.15401513927,138841.41534552944,138069.95054567128,1
2023-10-18,139163.17142803327,138949.2047905936,138171.56542403292,1
2023-10-19,139278.78654000052,139055.80264162467,138274.42769197244,1
2023-10-20,139379.1065814912,139163.6759307999,138377.5276031121,1
2023-10-21,139471.57240278771,139268.55819349037,138480.69320667363,1
2023-10-22,139576.17212421712,139373.76181530597,138584.17526933659,1
2023-10-23,139669.39497051958,139475.00652380323,138686.46262007457,1
2023-10-24,139789.52884299486,139577.1549844021,138790.44261500778,1
2023-10-25,139890.8941963057,139679.512507365,138895.29765830547,1
2023-10-26,139987.24098079256,139782.64622296597,138999.23445566377,1
2023-10-27,140089.0877838512,139885.2293548928,139103.36825501357,1
2023-10-28,140175.6165209559,139986.47366498006,139207.16302758793,1
2023-10-29,140265.9003805708,140081.7479724952,139309.95204079937,1
2023-10-30,140377.90451965024,140179.15003716413,139413.6440687346,1
2023-10-31,140471.33557686053,140275.96895637774,139516.0946446736,1
2023-11-01,140560.86646703372,140370.32469301423,139617.6828021856,1
2023-11-02,140666.232994559,140468.44798773486,139719.78324177794,1
2023-11-03,140778.09003610563,140570.88591884184,139821.39787934098,1
2023-11-04,140885.2795692123,140672.36092875423,139923.6748510208,1
2023-11-05,140995.24004607034,140777.14182259617,140026.07879885758,1
2023-11-06,141087.67209518465,140882.50294822635,140127.95470285983,1
2023-11-07,141173.45398851723,140983.947147018,140228.46883088403,1
2023-11-08,141288.4673250368,141086.02260480425,140328.95287013584,1
2023-11-09,141385.24052664838,141186.01479629148,140429.2595673937,1
2023-11-10,141482.73219648382,141283.51322637417,140529.8175570785,1
2023-11-11,141596.0141379023,141385.1816349177,140630.80965776276,1
2023-11-12,141701.5764379963,141490.8061248135,140732.41873113663,1
2023-11-13,141806.1353157171,141594.3397229496,140833.24905477272,1
2023-11-14,141927.78533916612,141702.84868545312,140935.09361191574,1
2023-11-15,142021.35015686232,141810.57227752882,141036.79907071922,1
2023-11-16,142130.62855814313,141917.49516157698,141138.87610943383,1
2023-11-17,142231.1986893921,142023.41961185617,141241.65521785564,1
2023-11-18,142333.88461218073,142128.96947114886,141345.05442943616,1
2023-11-19,142449.16929644486,142233.24626260463,141448.6176682759,1
2023-11-20,142554.24765400775,142339.82576203372,141552.76327213325,1
2023-11-21,142659.63061479825,142445.62617336476,141657.70147952146,1
2023-11-22,142770.35568817134,142553.4575731206,141762.90761420206,1
2023-11-23,142866.7061608759,142660.0218828596,141867.3384204406,1
2023-11-24,142958.3140642025,142761.85083641118,141970.9901451901,1
2023-11-25,143047.8659722623,142860.57450006207,142073.6214414997,1
2023-11-26,143128.20240636854,142954.28885837612,142175.6479570589,1
2023-11-27,143248.76447766795,143049.97061627544,142279.41348151644,1
2023-11-28,143337.73239401073,143144.1758629024,142381.87673496513,1
2023-11-29,143435.51985777487,143239.61702161687,142484.39070152148,1
2023-11-30,143532.75172477597,143336.59417211963,142586.89167793607,1
2023-12-01,143635.82579175406,143438.1188491967,142688.88226062866,1
2023-12-02,143743.98316387946,143537.162586439,142791.0025969228,1
2023-12-03,143852.58789876304,143640.1336873895,142893.3252260751,1
2023-12-04,143946.75712437736,143742.38114070997,142994.27381533565,1
2023-12-05,144045.0859072395,143844.84797720268,143095.46060285452,1
2023-12-06,144147.91170674437,143947.26516020074,143196.32476028457,1
2023-12-07,144245.42479548254,144047.55348652136,143297.0360655891,1
2023-12-08,144361.49825124274,144149.3355570173,143398.4167475422,1
2023-12-09,144466.4080007591,144253.26573229366,143499.27868275793,1
2023-12-10,144573.7567786196,144358.99990656966,143600.2541389885,1
2023-12-11,144680.3855913063,144465.49468348204,143701.2918878139,1
2023-12-12,144792.12032988117,144574.83379036176,143802.3801198994,1
2023-12-13,144893.93054546817,144681.32024920688,143903.741339129,1
2023-12-14,144980.96222598862,144784.23109425278,144004.8737472183,1
2023-12-15,145084.95910550616,144886.4715596301,144106.72840388052,1
2023-12-16,145178.44553656824,144986.08354868248,144209.2405603905,1
2023-12-17,145273.15936975073,145082.2913566564,144310.46030499463,1
2023-12-18,145379.02300993828,145179.3098495504,144412.524835791,1
2023-12-19,145491.40584065262,145281.3985724832,144515.3191349349,1
2023-12-20,145591.61855641997,145382.73046266596,144618.2624765171,1
2023-12-21,145694.70688654596,145485.9827326615,144721.2065312567,1
2023-12-22,145811.72903599232,145593.6966659098,144824.59382486233,1
2023-12-23,145914.1365677872,145700.7193774796,144927.67125831352,1
2023-12-24,146040.15339892902,145810.46888913488,145032.34107204113,1
2023-12-25,146145.80849538534,145921.306876928,145137.37720144843,1
2023-12-26,146228.20086779378,146028.00567317754,145241.3916595009,1
2023-12-27,146335.73428400484,146132.80672278005,145345.90713392702,1
2023-12-28,146439.54586785365,146237.88858279333,145449.80951475754,1
2023-12-29,146552.44339539448,146340.3465820864,145554.11128448934,1
2023-12-30,146659.1752089072,146443.0199247908,145658.3822060037,1
2023-12-31,146757.79064906735,146548.9378810455,145762.25245889177,1
